<?xml version="1.0" encoding="UTF-8"?>
<!--
  TR-069 data model bibliographic references

  Notice:
    The Broadband Forum is a non-profit corporation organized to create
    guidelines for broadband network system development and deployment.
    This Broadband Forum Document has been approved by members of the
    Forum. This Broadband Forum Document is not binding on the Broadband
    Forum, any of its members, or any developer or service provider.
    This Broadband Forum Document is subject to change, but only with
    approval of members of the Forum.  This Document is copyrighted by
    the Broadband Forum, and all rights are reserved.  Portions of this
    Document may be copyrighted by Broadband Forum members.

    This Broadband Forum Document is provided AS IS, WITH ALL FAULTS.
    ANY PERSON HOLDING A COPYRIGHT IN THIS BROADBAND FORUM DOCUMENT,
    OR ANY PORTION THEREOF, DISCLAIMS TO THE FULLEST EXTENT PERMITTED
    BY LAW ANY REPRESENTATION OR WARRANTY, EXPRESS OR IMPLIED,
    INCLUDING, BUT NOT LIMITED TO, ANY WARRANTY: 

    (a) OF ACCURACY, COMPLETENESS, MERCHANTABILITY, FITNESS FOR A
        PARTICULAR PURPOSE, NON-INFRINGEMENT, OR TITLE;
    (b) THAT THE CONTENTS OF THIS BROADBAND FORUM DOCUMENT ARE SUITABLE
        FOR ANY PURPOSE, EVEN IF THAT PURPOSE IS KNOWN TO THE COPYRIGHT
        HOLDER;
    (c) THAT THE IMPLEMENTATION OF THE CONTENTS OF THE DOCUMENT WILL NOT
        INFRINGE ANY THIRD PARTY PATENTS, COPYRIGHTS, TRADEMARKS OR
        OTHER RIGHTS.

    By using this Broadband Forum Document, users acknowledge that
    implementation may require licenses to patents.  The Broadband Forum
    encourages but does not require its members to identify such
    patents.  For a list of declarations made by Broadband Forum member
    companies, please see http://www.broadband-forum.org.  No assurance
    is given that licenses to patents necessary to implement this
    Document will be available for license at all or on reasonable and
    non-discriminatory terms.

    ANY PERSON HOLDING A COPYRIGHT IN THIS BROADBAND FORUM DOCUMENT, OR
    ANY PORTION THEREOF, DISCLAIMS TO THE FULLEST EXTENT PERMITTED BY
    LAW (A) ANY LIABILITY (INCLUDING DIRECT, INDIRECT, SPECIAL, OR
    CONSEQUENTIAL DAMAGES UNDER ANY LEGAL THEORY) ARISING FROM OR
    RELATED TO THE USE OF OR RELIANCE UPON THIS DOCUMENT; AND (B) ANY
    OBLIGATION TO UPDATE OR CORRECT THIS DOCUMENT.

    Broadband Forum Documents may be copied, downloaded, stored on a
    server or otherwise re-distributed in their entirety only, and may
    not be modified without the advance written permission of the
    Broadband Forum.

    The text of this notice must be included in all copies of this
    Broadband Forum Document.

  Summary:
    TR-069 bibliographic references.  This file is not versioned, and contains
    a centralized set of bibliographic references for all TR-069 data model
    definitions.


  Editors:
    Klaus Wich, NSN
    William Lupton, Pace

  BroadbandHome™ Working Group Chairs:
    Greg Bathrick, PMC-Sierra
    Jason Walls, UNH

  Chief Editor: 
    Michael Hanrahan, Huawei Technologies


  Version History:
    March 2009: tr-069-biblio.xml, bibliographic references from all data model
       versions up to InternetGatewayDevice:1.4 (TR-098 Amendment 2) and 
       Device:1.2 (TR-106 Amendment 2).
    September 2009: tr-069-biblio.xml (name unchanged)
       - moved TR-106a2 bibref from tr-106-1-2-0.xml
       - added some missing reference dates
       - fixed cwmp-datamodel.xsd to be cwmp-datamodel-1-0.xsd
       - removed BBF TR URLs (they can be deduced from the TR name)
    May 2010: tr-069-biblio.xml (name unchanged)
       - added references in support of Device:2.0 (TR-181 Issue 2)
    November 2010: tr-069-biblio.xml (name unchanged)
       - added references in support of Device:2.1 (TR-181 Issue 2 Amendment 1)
    March 2011: tr-069-biblio.xml (name unchanged)
       - added references in support of Device:2.2 (TR-181 Issue 2 Amendment 2)
    May 2011: tr-069-biblio.xml (name unchanged)
       - added references in support of FAPService:1.1 (TR-196 Amendment 1)  
    June  2011: [FINAL BALLOT APPROVAL]
       tr-069-biblio.xml (name unchanged) 
       - added references in support of TR-069a4 and TR-106a6
    July 2011: tr-069-biblio.xml (name unchanged) 
       - added references in support of TR-069a4 and TR-106a6
    December 2011: tr-069-biblio.xml (name unchanged) 
       - added references in support of TR-196i2 and TR-262
       - added references in support of TR-181i2a4
    May 2012: tr-069-biblio.xml (name unchanged)
       - added references in support of TR-181i2a5
    November 2012: tr-069-biblio.xml (name unchanged)
       - added references in support of TR-157a7
-->
 <dm:document xmlns:dm="urn:broadband-forum-org:cwmp:datamodel-1-4"
              xmlns:xsi="http://www.w3.org/2001/XMLSchema-instance"
              xsi:schemaLocation="urn:broadband-forum-org:cwmp:datamodel-1-4
                                   http://www.broadband-forum.org/cwmp/cwmp-datamodel-1-4.xsd"
              spec="urn:broadband-forum-org:tr-069-biblio" file="tr-069-biblio.xml">
    <bibliography>
        <!-- 3GPP2 references -->
        <reference id="3GPP-TS.03.03">
            <name>3GPP TS 03.03</name>
            <title>Numbering, Addressing and Identification</title>
            <organization>3GPP CT WG4</organization>
            <hyperlink>http://www.3gpp.org/ftp/Specs/html-info/0303.htm</hyperlink>
        </reference>
        <reference id="3GPP-TS.05.05">
            <name>3GPP TS 05.05</name>
            <title>Radio Transmission and Reception</title>
            <organization>3GPP GERAN WG1</organization>
            <hyperlink>http://www.3gpp.org/ftp/Specs/html-info/0505.htm</hyperlink>
        </reference>
        <reference id="3GPP-TS.22.011">
            <name>3GPP TS 22.011</name>
            <title>Service accessibility</title>
            <organization>3GPP SA WG1</organization>
            <hyperlink>http://www.3gpp.org/ftp/Specs/html-info/22011.htm</hyperlink>
        </reference>
        <reference id="3GPP-TS.22.220">
            <name>3GPP TS 22.220</name>
            <title>Service requirements for Home Node B (HNB) and Home eNode B (HeNB)</title>
            <organization>3GPP SA WG1</organization>
            <hyperlink>http://www.3gpp.org/ftp/Specs/html-info/22220.htm</hyperlink>
        </reference>
        <reference id="3GPP-TS.23.003">
            <name>3GPP TS 23.003</name>
            <title>Numbering, addressing and identification</title>
            <organization>3GPP CT WG4</organization>
            <hyperlink>http://www.3gpp.org/ftp/Specs/html-info/23003.htm</hyperlink>
        </reference>
        <reference id="3GPP-TS.23.032">
            <name>3GPP TS 23.032</name>
            <title>Universal Geographical Area Description (GAD)</title>
            <organization>3GPP SA WG2</organization>
            <hyperlink>http://www.3gpp.org/ftp/Specs/html-info/23032.htm</hyperlink>
        </reference>
        <reference id="3GPP-TS.23.060">
            <name>3GPP TS 23.060</name>
            <title>General Packet Radio Service (GPRS); Service description; Stage 2</title>
            <organization>3GPP SA WG2</organization>
            <hyperlink>http://www.3gpp.org/ftp/Specs/html-info/23060.htm</hyperlink>
        </reference>
        <reference id="3GPP-TS.23.107">
            <name>3GPP TS 23.107</name>
            <title>Quality of Service (QoS) concept and architecture</title>
            <organization>3GPP SA WG2</organization>
            <hyperlink>http://www.3gpp.org/ftp/Specs/html-info/23107.htm</hyperlink>
        </reference>
        <reference id="3GPP-TS.23.203">
            <name>3GPP TS 23.203</name>
            <title>Policy and charging control architecture</title>
            <organization>3GPP SA WG2</organization>
            <hyperlink>http://www.3gpp.org/ftp/Specs/html-info/23203.htm</hyperlink>
        </reference>
        <reference id="3GPP-TS.23.401">
            <name>3GPP TS 23.401</name>
            <title>General Packet Radio Service (GPRS) enhancements for Evolved Universal Terrestrial Radio Access Network (E-UTRAN) access</title>
            <organization>3GPP SA WG2</organization>
            <hyperlink>http://www.3gpp.org/ftp/Specs/html-info/23401.htm</hyperlink>
        </reference>
        <reference id="3GPP-TS.24.008">
            <name>3GPP TS 24.008</name>
            <title>Mobile radio interface Layer 3 specification; Core network protocols; Stage 3</title>
            <organization>3GPP CT WG1</organization>
            <hyperlink>http://www.3gpp.org/ftp/Specs/html-info/24008.htm</hyperlink>
        </reference>
        <reference id="3GPP-TS.25.104">
            <name>3GPP TS 25.104</name>
            <title>Base Station (BS) radio transmission and reception (FDD)</title>
            <organization>3GPP RAN WG4</organization>
            <hyperlink>http://www.3gpp.org/ftp/Specs/html-info/25104.htm</hyperlink>
        </reference>
        <reference id="3GPP-TS.25.133">
            <name>3GPP TS 25.133</name>
            <title>Requirements for support of radio resource management (FDD)</title>
            <organization>3GPP RAN WG4</organization>
            <hyperlink>http://www.3gpp.org/ftp/Specs/html-info/25133.htm</hyperlink>
        </reference>
        <reference id="3GPP-TS.25.171">
            <name>3GPP TS 25.171</name>
            <title>Requirements for support of Assisted Global Positioning System (A-GPS)</title>
            <organization>3GPP RAN WG4</organization>
            <hyperlink>http://www.3gpp.org/ftp/Specs/html-info/25171.htm</hyperlink>
        </reference>
        <reference id="3GPP-TS.25.214">
            <name>3GPP TS 25.214</name>
            <title>Physical layer procedures (FDD)</title>
            <organization>3GPP RAN WG1</organization>
            <hyperlink>http://www.3gpp.org/ftp/Specs/html-info/25214.htm</hyperlink>
        </reference>
        <reference id="3GPP-TS.25.304">
            <name>3GPP TS 25.304</name>
            <title>User Equipment (UE) procedures in idle mode and procedures for cell reselection in connected mode</title>
            <organization>3GPP RAN WG2</organization>
            <hyperlink>http://www.3gpp.org/ftp/Specs/html-info/25304.htm</hyperlink>
        </reference>
        <reference id="3GPP-TS.25.331">
            <name>3GPP TS 25.331</name>
            <title>Radio Resource Control (RRC); Protocol specification</title>
            <organization>3GPP RAN WG2</organization>
            <hyperlink>http://www.3gpp.org/ftp/Specs/html-info/25331.htm</hyperlink>
        </reference>
        <reference id="3GPP-TS.25.401">
            <name>3GPP TS 25.401</name>
            <title>UTRAN overall description</title>
            <organization>3GPP RAN WG3</organization>
            <hyperlink>http://www.3gpp.org/ftp/Specs/html-info/25401.htm</hyperlink>
        </reference>
        <reference id="3GPP-TS.25.413">
            <name>3GPP TS 25.413</name>
            <title>UTRAN Iu interface Radio Access Network Application Part (RANAP) signalling</title>
            <organization>3GPP RAN WG3</organization>
            <hyperlink>http://www.3gpp.org/ftp/Specs/html-info/25413.htm</hyperlink>
        </reference>
        <reference id="3GPP-TS.25.433">
            <name>3GPP TS 25.433</name>
            <title>UTRAN Iub interface Node B Application Part (NBAP) signalling</title>
            <organization>3GPP RAN WG3</organization>
            <hyperlink>http://www.3gpp.org/ftp/Specs/html-info/25433.htm</hyperlink>
        </reference>
        <reference id="3GPP-TS.25.469">
            <name>3GPP TS 25.469</name>
            <title>UTRAN Iuh interface Home Node B Application Part (HNBAP) signalling</title>
            <organization>3GPP RAN WG3</organization>
            <hyperlink>http://www.3gpp.org/ftp/Specs/html-info/25469.htm</hyperlink>
        </reference>
        <reference id="3GPP-TS.25.967">
            <name>3GPP TS 25.967</name>
            <title>FDD Home NodeB RF Requirements</title>
            <organization>3GPP RAN WG4</organization>
            <hyperlink>http://www.3gpp.org/ftp/Specs/html-info/25967.htm</hyperlink>
        </reference>
        <reference id="3GPP-TS.29.281">
            <name>3GPP TS 29.281</name>
            <title>General Packet Radio System (GPRS) Tunnelling Protocol User Plane (GTPv1-U)</title>
            <organization>3GPP CT WG4</organization>
            <hyperlink>http://www.3gpp.org/ftp/Specs/html-info/29281.htm</hyperlink>
        </reference>
        <reference id="3GPP-TS.32.300">
            <name>3GPP TS 32.300</name>
            <title>Telecommunication management; Configuration Management (CM); Name convention for Managed Objects</title>
            <organization>3GPP SA WG5</organization>
            <hyperlink>http://www.3gpp.org/ftp/Specs/html-info/32300.htm</hyperlink>
        </reference>
        <reference id="3GPP-TS.32.405">
            <name>3GPP TS 32.405</name>
            <title>Telecommunication management; Performance Management (PM); Performance measurements Universal Terrestrial Radio Access Network (UTRAN)</title>
            <organization>3GPP SA WG5</organization>
            <hyperlink>http://www.3gpp.org/ftp/Specs/html-info/32405.htm</hyperlink>
        </reference>
        <reference id="3GPP-TS.32.582">
            <name>3GPP TS 32.582</name>
            <title>Telecommunications management; Home Node B (HNB) Operations, Administration, Maintenance and Provisioning (OAM&amp;P); Information model for Type 1 interface HNB to HNB Management System (HMS)</title>
            <organization>3GPP SA WG5</organization>
            <hyperlink>http://www.3gpp.org/ftp/Specs/html-info/32582.htm</hyperlink>
        </reference>
        <reference id="3GPP-TS.32.584">
            <name>3GPP TS 32.584</name>
            <title>Telecommunications management; Home Node B (HNB) Operations, Administration, Maintenance and Provisioning (OAM&amp;P); XML definitions for Type 1 interface HNB to HNB Management Systems (HMS)</title>
            <organization>3GPP SA WG5</organization>
            <hyperlink>http://www.3gpp.org/ftp/Specs/html-info/32584.htm</hyperlink>
        </reference>
        <reference id="3GPP-TS.32.592">
            <name>3GPP TS 32.592</name>
            <title>Telecommunications management; Home enhanced Node B (HeNB) Operations, Administration, Maintenance and Provisioning (OAM&amp;P); Information model for Type 1 interface HeNB to HeNB Management System (HeMS)</title>
            <organization>3GPP SA WG5</organization>
            <hyperlink>http://www.3gpp.org/ftp/Specs/html-info/32592.htm</hyperlink>
        </reference>
        <reference id="3GPP-TS.32.642">
            <name>3GPP TS 32.642</name>
            <title>Telecommunication management; Configuration Management (CM); UTRAN network resources Integration Reference Point (IRP); Network Resource Model (NRM)</title>
            <organization>3GPP SA WG5</organization>
            <hyperlink>http://www.3gpp.org/ftp/Specs/html-info/32642.htm</hyperlink>
        </reference>
        <reference id="3GPP-TS.33.401">
            <name>3GPP TS 33.401</name>
            <title>3GPP System Architecture Evolution (SAE); Security architecture</title>
            <organization>3GPP SA WG3</organization>
            <hyperlink>http://www.3gpp.org/ftp/Specs/html-info/33401.htm</hyperlink>
        </reference>
        <reference id="3GPP-TS.36.101">
            <name>3GPP TS 36.101</name>
            <title>Evolved Universal Terrestrial Radio Access (E-UTRA); User Equipment (UE) radio transmission and reception</title>
            <organization>3GPP RAN WG4</organization>
            <hyperlink>http://www.3gpp.org/ftp/Specs/html-info/36101.htm</hyperlink>
        </reference>
        <reference id="3GPP-TS.36.104">
            <name>3GPP TS 36.104</name>
            <title>Evolved Universal Terrestrial Radio Access (E-UTRA); Base Station (BS) radio transmission and reception</title>
            <organization>3GPP RAN WG4</organization>
            <hyperlink>http://www.3gpp.org/ftp/Specs/html-info/36104.htm</hyperlink>
        </reference>
        <reference id="3GPP-TS.36.133">
            <name>3GPP TS 36.133</name>
            <title>Evolved Universal Terrestrial Radio Access (E-UTRA); Requirements for support of radio resource management</title>
            <organization>3GPP RAN WG4</organization>
            <hyperlink>http://www.3gpp.org/ftp/Specs/html-info/36133.htm</hyperlink>
        </reference>
        <reference id="3GPP-TS.36.211">
            <name>3GPP TS 36.211</name>
            <title>Evolved Universal Terrestrial Radio Access (E-UTRA); Physical channels and modulation</title>
            <organization>3GPP RAN WG1</organization>
            <hyperlink>http://www.3gpp.org/ftp/Specs/html-info/36211.htm</hyperlink>
        </reference>
        <reference id="3GPP-TS.36.212">
            <name>3GPP TS 36.212</name>
            <title>Evolved Universal Terrestrial Radio Access (E-UTRA); Multiplexing and channel coding</title>
            <organization>3GPP RAN WG1</organization>
            <hyperlink>http://www.3gpp.org/ftp/Specs/html-info/36212.htm</hyperlink>
        </reference>
        <reference id="3GPP-TS.36.213">
            <name>3GPP TS 36.213</name>
            <title>Evolved Universal Terrestrial Radio Access (E-UTRA); Physical layer procedures</title>
            <organization>3GPP RAN WG1</organization>
            <hyperlink>http://www.3gpp.org/ftp/Specs/html-info/36213.htm</hyperlink>
        </reference>
        <reference id="3GPP-TS.36.214">
            <name>3GPP TS 36.214</name>
            <title>Evolved Universal Terrestrial Radio Access (E-UTRA); Physical layer - Measurements</title>
            <organization>3GPP RAN WG1</organization>
            <hyperlink>http://www.3gpp.org/ftp/Specs/html-info/36214.htm</hyperlink>
        </reference>
        <reference id="3GPP-TS.36.300">
            <name>3GPP TS 36.300</name>
            <title>Evolved Universal Terrestrial Radio Access (E-UTRA) and Evolved Universal Terrestrial Radio Access Network (E-UTRAN); Overall description; Stage 2</title>
            <organization>3GPP RAN WG3</organization>
            <hyperlink>http://www.3gpp.org/ftp/Specs/html-info/36300.htm</hyperlink>
        </reference>
        <reference id="3GPP-TS.36.304">
            <name>3GPP TS 36.304</name>
            <title>Evolved Universal Terrestrial Radio Access (E-UTRA); User Equipment (UE) procedures in idle mode</title>
            <organization>3GPP RAN WG2</organization>
            <hyperlink>http://www.3gpp.org/ftp/Specs/html-info/36304.htm</hyperlink>
        </reference>
        <reference id="3GPP-TS.36.321">
            <name>3GPP TS 36.321</name>
            <title>Evolved Universal Terrestrial Radio Access (E-UTRA); Medium Access Control (MAC) protocol specification</title>
            <organization>3GPP RAN WG2</organization>
            <hyperlink>http://www.3gpp.org/ftp/Specs/html-info/36321.htm</hyperlink>
        </reference>
        <reference id="3GPP-TS.36.322">
            <name>3GPP TS 36.322</name>
            <title>Evolved Universal Terrestrial Radio Access (E-UTRA); Radio Link Control (RLC) protocol specification</title>
            <organization>3GPP RAN WG2</organization>
            <hyperlink>http://www.3gpp.org/ftp/Specs/html-info/36322.htm</hyperlink>
        </reference>
        <reference id="3GPP-TS.36.331">
            <name>3GPP TS 36.331</name>
            <title>Evolved Universal Terrestrial Radio Access (E-UTRA); Radio Resource Control (RRC); Protocol specification</title>
            <organization>3GPP RAN WG2</organization>
            <hyperlink>http://www.3gpp.org/ftp/Specs/html-info/36331.htm</hyperlink>
        </reference>
        <reference id="3GPP-TS.36.413">
            <name>3GPP TS 36.413</name>
            <title>Evolved Universal Terrestrial Radio Access Network (E-UTRAN); S1 Application Protocol (S1AP)</title>
            <organization>3GPP RAN WG3</organization>
            <hyperlink>http://www.3gpp.org/ftp/Specs/html-info/36413.htm</hyperlink>
        </reference>
        <reference id="3GPP-TS.45.005">
            <name>3GPP TS 45.005</name>
            <title>Radio transmission and reception</title>
            <organization>3GPP GERAN WG1</organization>
            <hyperlink>http://www.3gpp.org/ftp/Specs/html-info/45005.htm</hyperlink>
        </reference>
        <reference id="3GPP-TS.45.008">
            <name>3GPP TS 45.008</name>
            <title>Radio Access Network; Radio subsystem link control</title>
            <organization>3GPP GERAN WG1</organization>
            <hyperlink>http://www.3gpp.org/ftp/Specs/html-info/45008.htm</hyperlink>
        </reference>
        <!-- 3GPP2 references -->
        <reference id="3GPP2-A.S0008">
            <name>A.S0008-C v2.0</name>
            <title>Interoperability Specification (IOS) for High Rate Packet Data (HRPD) Radio Access Network Interfaces with Session Control in the Access Network</title>
            <organization>3GPP2</organization>
            <date>January 2009</date>
            <hyperlink>http://www.3gpp2.org/Public_html/specs/A.S0008-C_v2.0_090106.pdf</hyperlink>
        </reference>
        <reference id="3GPP2-A.S0009">
            <name>A.S0009-C v2.0</name>
            <title>Interoperability Specification (IOS) for High Rate Packet Data (HRPD) Radio Access Network Interfaces with Session Control in the Packet Control Function</title>
            <organization>3GPP2</organization>
            <date>January 2009</date>
            <hyperlink>http://www.3gpp2.org/Public_html/specs/A.S0009-C_v2.0_090106.pdf</hyperlink>
        </reference>
        <reference id="3GPP2-A.S0013">
            <name>A.S0013-D v2.0</name>
            <title>Interoperability Specification (IOS) for CDMA2000 Access Network Interfaces  Part 3 Features</title>
            <organization>3GPP2</organization>
            <date>August 2009</date>
            <hyperlink>http://www.3gpp2.org/Public_html/specs/A.S0013-D_v2.0_090825.pdf</hyperlink>
        </reference>
        <reference id="3GPP2-A.S0014">
            <name>A.S0014-D v2.0</name>
            <title>Interoperability Specification (IOS) for CDMA2000 Access Network Interfaces  Part 4 (A1, A1p, A2, and A5 Interfaces)</title>
            <organization>3GPP2</organization>
            <date>August 2009</date>
            <hyperlink>http://www.3gpp2.org/Public_html/specs/A.S0014-D_v2.0_090825.pdf</hyperlink>
        </reference>
        <reference id="3GPP2-A.S0024">
            <name>A.S0024-0 v1.0</name>
            <title>Interoperability Specification (IOS) for Femtocell Access Points</title>
            <organization>3GPP2</organization>
            <date>March 2010</date>
            <hyperlink>http://www.3gpp2.org/Public_html/specs/A.S0024-0_v1.0_100302.pdf</hyperlink>
        </reference>
        <reference id="3GPP2-C.S0002-A">
            <name>3GPP2 C.S0002-A</name>
            <title>Physical Layer Standard for CDMA2000 Spread Spectrum Systems, Release A</title>
            <organization>3GPP2 TSG-C</organization>
            <hyperlink>http://www.3gpp2.org/Public_html/specs/C.S0002-A_v6.0.pdf</hyperlink>
        </reference>
        <reference id="3GPP2-C.S0005">
            <name>C.S0005-E v1.0</name>
            <title>Upper Layer (Layer 3) Signaling Standard for CDMA2000 Spread Spectrum Systems</title>
            <organization>3GPP2</organization>
            <date>September 2009</date>
            <hyperlink>http://www.3gpp2.org/Public_html/specs/C.S0005-E_v1.0_cdma200_1x_Layer_3-090925.pdf</hyperlink>
        </reference>
        <reference id="3GPP2-C.S0005-A">
            <name>3GPP2 C.S0005-A</name>
            <title>Upper Layer (Layer 3) Signaling Standard for CDMA2000 Spread Spectrum Systems, Release: A</title>
            <organization>3GPP2 TSG-C</organization>
            <hyperlink>http://www.3gpp2.org/Public_html/specs/C.S0005-A.pdf</hyperlink>
        </reference>
        <reference id="3GPP2-C.S0024">
            <name>C.S0024-B v3.0</name>
            <title>CDMA2000 High Rate Packet Data Air Interface Specification</title>
            <organization>3GPP2</organization>
            <date>September 2009</date>
            <hyperlink>http://www.3gpp2.org/Public_html/specs/C.S0024-B_v3.0_HRPD.pdf</hyperlink>
        </reference>
        <reference id="3GPP2-C.S0024-A">
            <name>3GPP2 C.S0024-A</name>
            <title>CDMA2000 High Rate Packet Data Air Interface Specification</title>
            <organization>3GPP2 TSG-C</organization>
            <hyperlink>http://www.3gpp2.org/Public_html/specs/C.S0024-A_v3.0_060912.pdf</hyperlink>
        </reference>
        <reference id="3GPP2-C.S0024-B">
            <name>C.S0024-B v3.0</name>
            <title>CDMA2000 High Rate Packet Data Air Interface Specification</title>
            <organization>3GPP2</organization>
            <date>September 2009</date>
            <hyperlink>http://www.3gpp2.org/Public_html/specs/C.S0024-B_v3.0_HRPD.pdf</hyperlink>
        </reference>
        <reference id="3GPP2-C.S0057">
            <name>C.S0057-D v1.0</name>
            <title>Band Class Specification for CDMA2000 Spread Spectrum Systems</title>
            <organization>3GPP2</organization>
            <date>September 2009</date>
            <hyperlink>http://www.3gpp2.org/Public_html/specs/C.S0057-D_v1.0%20Band%20Class%20.pdf</hyperlink>
        </reference>
        <reference id="3GPP2-C.S0057-B">
            <name>3GPP2 C.S0057-B</name>
            <title>Band Class Specification for CDMA2000 Spread Spectrum Systems</title>
            <organization>3GPP2 TSG-C</organization>
            <hyperlink>http://www.3gpp2.org/Public_html/specs/C.S0057-B%20v1.0_060814.pdf</hyperlink>
        </reference>
        <reference id="3GPP2-C.R1001">
            <name>C.R1001-G v1.0</name>
            <title>Administration of Parameter Value Assignments for CDMA2000 Spread Spectrum Standards - Release G</title>
            <organization>3GPP2</organization>
            <date>June 2009</date>
            <hyperlink>http://www.3gpp2.org/Public_html/specs/C.R1001-G_v1.0_Param_Administration.pdf</hyperlink>
        </reference>
        <reference id="3GPP2-N.S0010">
            <name>N.S0010-0 v1.0</name>
            <title>Advanced Features in Wideband Spread Spectrum Systems</title>
            <organization>3GPP2</organization>
            <date>January 1998</date>
            <hyperlink>http://www.3gpp2.org/Public_html/specs/N.S0010-0_v1.0.pdf</hyperlink>
        </reference>
        <reference id="3GPP2-S.S0132">
            <name>S.S0132-0 v1.0</name>
            <title>Femtocell Security Framework</title>
            <organization>3GPP2</organization>
            <date>January 2010</date>
            <hyperlink>http://www.3gpp2.org/Public_html/specs/S.S0132-0_v1.0_Femtocell_Security_Framework.pdf</hyperlink>
        </reference>
        <reference id="3GPP2-X.S0011">
            <name>X.S0011-005-C</name>
            <title>cdma2000 Wireless IP Network Standard: Accounting Services and 3GPP2 RADIUS VSAs</title>
            <organization>3GPP2</organization>
            <date>August 2003</date>
            <hyperlink>http://www.3gpp2.org/Public_html/specs/X.S0011-005-C_v1.0_110703.pdf</hyperlink>
        </reference>
        <reference id="3GPP2-X.S0059">
            <name>X.S0059-0 v1.0</name>
            <title>CDMA2000 Femtocell Network</title>
            <organization>3GPP2</organization>
            <date>January 2010</date>
            <hyperlink>http://www.3gpp2.org/Public_html/specs/X.S0059-000-0_v1.0_100216.pdf</hyperlink>
        </reference>
        <!-- IEEE related references -->
        <reference id="802.11-2007">
            <name>802.11-2007</name>
            <title>Wireless LAN Medium Access Control (MAC) and Physical Layer (PHY) Specifications</title>
            <organization>IEEE</organization>
            <date>2007</date>
            <hyperlink>http://standards.ieee.org/getieee802/download/802.11-2007.pdf</hyperlink>
        </reference>
        <reference id="802.11a-1999">
            <name>802.11a-1999</name>
            <title>High-speed Physical Layer in the 5 GHz band</title>
            <organization>IEEE</organization>
            <date>1999</date>
            <hyperlink>http://standards.ieee.org/getieee802/download/802.11a-1999.pdf</hyperlink>
        </reference>
        <reference id="802.11b-1999">
            <name>802.11b-1999</name>
            <title>Higher Speed Physical Layer Extension in the 2.4 GHz band</title>
            <organization>IEEE</organization>
            <date>1999</date>
            <hyperlink>http://standards.ieee.org/getieee802/download/802.11b-1999.pdf</hyperlink>
        </reference>
        <reference id="802.11g-2003">
            <name>802.11g-2003</name>
            <title>Further Higher Data Rate Extension in the 2.4 GHz Band</title>
            <organization>IEEE</organization>
            <date>2003</date>
            <hyperlink>http://standards.ieee.org/getieee802/download/802.11g-2003.pdf</hyperlink>
        </reference>
        <reference id="802.11h-2003">
            <name>802.11h-2003</name>
            <title>Spectrum and Transmit Power Management Extensions</title>
            <organization>IEEE</organization>
            <date>2003</date>
            <hyperlink>http://standards.ieee.org/getieee802/download/802.11h-2003.pdf</hyperlink>
        </reference>
        <reference id="802.11n-2009">
            <name>802.11n-2009</name>
            <title>Amendment 5: Enhancements for Higher Throughput</title>
            <organization>IEEE</organization>
            <date>2009</date>
            <hyperlink>http://ieeexplore.ieee.org/xpl/freeabs_all.jsp?reload=true&amp;arnumber=5307322</hyperlink>
        </reference>
        <reference id="802.1D-2004">
            <name>IEEE Std 802.1D-2004</name>
            <title>Media Access Control (MAC) Bridges</title>
            <organization>IEEE</organization>
            <date>2004</date>
            <hyperlink>http://standards.ieee.org/getieee802/download/802.1D-2004.pdf</hyperlink>
        </reference>
        <reference id="802.1Q-2005">
            <name>IEEE Std 802.1Q-2005</name>
            <title>Virtual Bridged Local Area Networks</title>
            <organization>IEEE</organization>
            <date>2006</date>
            <hyperlink>http://standards.ieee.org/getieee802/download/802.1Q-2005.pdf</hyperlink>
        </reference>
        <reference id="802.1x-2004">
            <name>802.1x-2004</name>
            <title>Standards for Local and Metropolitan Area Networks: Port based Network Access Control</title>
            <organization>IEEE</organization>
            <date>2004</date>
            <hyperlink>http://standards.ieee.org/getieee802/download/802.1X-2004.pdf</hyperlink>
        </reference>
        <!-- Other references -->
        <reference id="BLUE">
            <name>Blue</name>
            <title>A New Class of Active Queue Management Algorithms</title>
            <hyperlink>http://www.thefengs.com/wuchang/work/blue</hyperlink>
        </reference>
        <reference id="DSLite">
            <name>RFC 6333</name>
            <title>Dual-Stack Lite Broadband Deployments Following IPv4 Exhaustion</title>
            <organization>IETF</organization>
            <category>RFC</category>
            <date>2011</date>
        </reference>
        <reference id="DSLite-options">
            <name>RFC 6334</name>
            <title>Dynamic Host Configuation Protocol for IPv6 (DHCPv6) Option for Dual-Stack Lite</title>
            <organization>IETF</organization>
            <category>RFC</category>
            <date>2011</date>
        </reference>
        <reference id="IKEv2-params">
            <name>IKEv2 Parameters</name>
            <title>Internet Key Exchange Version 2 (IKEv2) Parameters</title>
            <organization>IETF</organization>
            <hyperlink>http://www.iana.org/assignments/ikev2-parameters/ikev2-parameters.xml</hyperlink>
        </reference>
        <!-- ITU related references -->
        <reference id="ITU-E.118">
            <name>ITU E.118</name>
            <title>Overall Network Operation, Telephone Service, Service Operation and Human Factors</title>
            <organization>International Telecommunication Union</organization>
            <date>May 2006</date>
            <hyperlink>http://www.itu.int/rec/T-REC-E.118/en</hyperlink>
        </reference>
        <reference id="ITU-X.731">
            <name>ITU X.731</name>
            <title>Information Technology - Open Systems Interconnection - Systems Management: State Management Function</title>
            <organization>International Telecommunication Union</organization>
            <date>January 1992</date>
            <hyperlink>http://www.itu.int/rec/T-REC-X.731/en</hyperlink>
        </reference>
        <reference id="G.988">
            <name>G.988</name>
            <title>ONU management and control interface (OMCI) specification</title>
            <organization>ITU-T</organization>
            <date>2010</date>
            <hyperlink>http://www.itu.int/rec/T-REC-G.988-201010-P/en</hyperlink>
        </reference>
        <reference id="G.992.1">
            <name>G.992.1</name>
            <title>Asymmetric digital subscriber line (ADSL) transceivers</title>
            <organization>ITU-T</organization>
            <hyperlink>http://www.itu.int/rec/T-REC-G.992.1</hyperlink>
        </reference>
        <reference id="G.992.2">
            <name>G.992.2</name>
            <title>Splitterless asymmetric digital subscriber line (ADSL) transceivers</title>
            <organization>ITU-T</organization>
            <hyperlink>http://www.itu.int/rec/T-REC-G.992.2</hyperlink>
        </reference>
        <reference id="G.992.3">
            <name>G.992.3</name>
            <title>Asymmetric digital subscriber line transceivers 2 (ADSL2)</title>
            <organization>ITU-T</organization>
            <hyperlink>http://www.itu.int/rec/T-REC-G.992.3</hyperlink>
        </reference>
        <reference id="G.992.4">
            <name>G.992.4</name>
            <title>Splitterless asymmetric digital subscriber line transceivers 2 (splitterless ADSL2)</title>
            <organization>ITU-T</organization>
            <hyperlink>http://www.itu.int/rec/T-REC-G.992.4</hyperlink>
        </reference>
        <reference id="G.992.5">
            <name>G.992.5</name>
            <title>Asymmetric Digital Subscriber Line (ADSL) transceivers - Extended bandwidth ADSL2 (ADSL2plus)</title>
            <organization>ITU-T</organization>
            <hyperlink>http://www.itu.int/rec/T-REC-G.992.5</hyperlink>
        </reference>
        <reference id="G.993.1">
            <name>G.993.1</name>
            <title>Very high speed digital subscriber line transceivers</title>
            <organization>ITU-T</organization>
            <hyperlink>http://www.itu.int/rec/T-REC-G.993.1</hyperlink>
        </reference>
        <reference id="G.993.2">
            <name>G.993.2</name>
            <title>Very high speed digital subscriber line transceivers 2 (VDSL2)</title>
            <organization>ITU-T</organization>
            <hyperlink>http://www.itu.int/rec/T-REC-G.993.2</hyperlink>
        </reference>
        <reference id="G.994.1">
            <name>G.994.1</name>
            <title>Handshake procedures for digital subscriber line (DSL) transceivers</title>
            <organization>ITU-T</organization>
            <hyperlink>http://www.itu.int/rec/T-REC-G.994.1</hyperlink>
        </reference>
        <reference id="G.997.1">
            <name>G.997.1</name>
            <title>Physical layer management for digital subscriber line (DSL) transceivers</title>
            <organization>ITU-T</organization>
            <hyperlink>http://www.itu.int/rec/T-REC-G.997.1</hyperlink>
        </reference>
        <reference id="G.998.1">
            <name>G.998.1</name>
            <title>ATM-based Multi-Pair Bonding</title>
            <organization>ITU-T</organization>
            <date>2005</date>
            <hyperlink>http://www.itu.int/rec/T-REC-G.998.1</hyperlink>
        </reference>
        <reference id="G.998.2">
            <name>G.998.2</name>
            <title>Ethernet-based Multi-Pair Bonding</title>
            <organization>ITU-T</organization>
            <date>2005</date>
            <hyperlink>http://www.itu.int/rec/T-REC-G.998.2</hyperlink>
        </reference>
        <reference id="G.998.3">
            <name>G.998.3</name>
            <title>Multi-Pair Bonding Using Time-Division Inverse Multiplexing</title>
            <organization>ITU-T</organization>
            <date>2005</date>
            <hyperlink>http://www.itu.int/rec/T-REC-G.998.2</hyperlink>
        </reference>
        <reference id="G.9954">
            <name>G.9954</name>
            <title>Phoneline networking transceivers - Enhanced physical, media access, and link layer specifications (HPNA 3.0 and 3.1)</title>
            <organization>ITU-T</organization>
            <date>2007</date>
            <hyperlink>http://www.itu.int/rec/T-REC-G.9954/en</hyperlink>
        </reference>
        <reference id="G.9960">
            <name>G.9960</name>
            <title>Unified high-speed wire-line based home networking transceivers - System architecture and physical layer specification</title>
            <organization>ITU-T</organization>
            <category>G.hn series</category>
            <hyperlink>http://www.itu.int/rec/T-REC-G.9960-201006-P</hyperlink>
        </reference>
        <reference id="G.9961">
            <name>G.9961</name>
            <title>Unified high-speed wire-line based home networking transceivers - Data link layer specification</title>
            <organization>ITU-T</organization>
            <category>G.hn series</category>
            <hyperlink>http://www.itu.int/rec/T-REC-G.9961-201006-P</hyperlink>
        </reference>
        <reference id="ITU-X.733">
            <name>ITU X.733</name>
            <title>Information technology - Open Systems Interconnection - Systems Management: Alarm reporting function</title>
            <organization>International Telecommunication Union</organization>
            <date>February 1992</date>
            <hyperlink>http://www.itu.int/rec/T-REC-X.733/en</hyperlink>
        </reference>
        <reference id="HPAV1.1">
            <name>HomePlug AV Specification</name>
            <title>Version 1.1</title>
            <organization>HomePlug</organization>
            <date>2007</date>
            <hyperlink>http://www.homeplug.org</hyperlink>
        </reference>
        <reference id="HTML4.01">
            <name>HTML 4.01 Specification</name>
            <organization>W3C</organization>
            <hyperlink>http://www.w3.org/TR/html4</hyperlink>
        </reference>
        <reference id="IANA-portnumbers">
            <name>IANA Port Numbers</name>
            <title>Port Numbers</title>
            <organization>IANA</organization>
            <hyperlink>http://www.iana.org/assignments/port-numbers</hyperlink>
        </reference>
        <reference id="ICSA-Baseline">
            <name>ICSA Baseline Modular Firewall Certification Criteria</name>
            <title>Baseline module - version 4.1</title>
            <organization>ICSA Labs</organization>
            <date>2008</date>
            <hyperlink>http://www.icsalabs.com/sites/default/files/baseline.pdf</hyperlink>
        </reference>
        <reference id="ICSA-Firewall">
            <name>ICSA Modular Firewall Certification Criteria</name>
            <title>Required Services Security Policy - Small/Medium Business (SMB) Category module - version 4.0</title>
            <organization>ICSA Labs</organization>
            <hyperlink>http://www.icsalabs.com/sites/default/files/SMB4.0.pdf</hyperlink>
        </reference>
        <reference id="ICSA-Residential">
            <name>ICSA Residential Modular Firewall Certification Criteria</name>
            <title>Required Services Security Policy - Residential Category module - version 4.1</title>
            <organization>ICSA Labs</organization>
            <date>2008</date>
            <hyperlink>http://www.icsalabs.com/sites/default/files/residential.pdf</hyperlink>
        </reference>
        <reference id="ISO3166-1">
            <name>ISO 3166-1</name>
            <title>Codes for the representation of names of countries and their subdivisions - Part 1: Country codes</title>
            <organization>ISO</organization>
            <date>2006</date>
            <hyperlink>http://www.iso.org/iso/country_codes.htm</hyperlink>
        </reference>
        <reference id="MoCAv1.0">
            <name>MoCA v1.0</name>
            <title>MoCA MAC/PHY Specification v1.0</title>
            <organization>MoCA Alliance</organization>
            <date>2009</date>
            <hyperlink>http://www.mocalliance.org</hyperlink>
        </reference>
        <reference id="MoCAv1.1">
            <name>MoCA v1.1</name>
            <title>MoCA MAC/PHY Specification v1.1 Extensions</title>
            <organization>MoCA Alliance</organization>
            <date>2009</date>
            <hyperlink>http://www.mocalliance.org</hyperlink>
        </reference>
        <reference id="MOCA11-MIB">
            <name>MOCA11-MIB</name>
            <title>Remote Management of MoCA Interfaces using SNMP MIB</title>
            <organization>MoCA Alliance</organization>
            <date>2009</date>
            <hyperlink>http://www.mocalliance.org</hyperlink>
        </reference>
        <reference id="OUI">
            <name>Organizationally Unique Identifiers (OUIs)</name>
            <hyperlink>http://standards.ieee.org/faqs/OUI.html</hyperlink>
        </reference>
        <reference id="PKCS7">
            <name>PKCS #7</name>
            <title>Cryptographic Message Syntax Standard</title>
            <hyperlink>http://www.rsasecurity.com/rsalabs/pkcs/pkcs-7/index.html</hyperlink>
        </reference>
        <reference id="RED">
            <name>References on RED (Random Early Detection) Queue Management</name>
            <hyperlink>http://www.icir.org/floyd/red.html</hyperlink>
        </reference>
        <!-- IETF related references -->
        <reference id="RFC862">
            <name>RFC 862</name>
            <title>Echo Protocol</title>
            <organization>IETF</organization>
            <category>RFC</category>
            <date>1983</date>
            <hyperlink>http://tools.ietf.org/html/rfc862</hyperlink>
        </reference>
        <reference id="RFC959">
            <name>RFC 959</name>
            <title>File Transfer Protocol</title>
            <organization>IETF</organization>
            <category>RFC</category>
            <date>1985</date>
            <hyperlink>http://tools.ietf.org/html/rfc958</hyperlink>
        </reference>
        <reference id="RFC1035">
            <name>RFC 1035</name>
            <title>Domain Names - Implementation and Specification</title>
            <organization>IETF</organization>
            <category>RFC</category>
            <date>1987</date>
            <hyperlink>http://tools.ietf.org/html/rfc1035</hyperlink>
        </reference>
        <reference id="RFC1332">
            <name>RFC 1332</name>
            <title>The PPP Internet Protocol Control Protocol (IPCP)</title>
            <organization>IETF</organization>
            <date>1992</date>
            <hyperlink>http://tools.ietf.org/html/rfc1332</hyperlink>
        </reference>
        <reference id="RFC1378">
            <name>RFC 1378</name>
            <title>The PPP AppleTalk Control Protocol (ATCP)</title>
            <organization>IETF</organization>
            <category>RFC</category>
            <date>1992</date>
            <hyperlink>http://tools.ietf.org/html/rfc1378</hyperlink>
        </reference>
        <reference id="RFC1552">
            <name>RFC 1552</name>
            <title>The PPP Internetwork Packet Exchange Control Protocol (IPXCP)</title>
            <organization>IETF</organization>
            <category>RFC</category>
            <date>1993</date>
            <hyperlink>http://tools.ietf.org/html/rfc1552</hyperlink>
        </reference>
        <reference id="RFC1661">
            <name>RFC 1661</name>
            <title>The Point-to-Point Protocol (PPP)</title>
            <organization>IETF</organization>
            <date>1994</date>
            <hyperlink>http://tools.ietf.org/html/rfc1661</hyperlink>
        </reference>
        <reference id="RFC1877">
            <name>RFC 1877</name>
            <title>PPP Internet Protocol Control Protocol Extensions for Name Server Addresses</title>
            <organization>IETF</organization>
            <date>1995</date>
            <hyperlink>http://tools.ietf.org/html/rfc1877</hyperlink>
        </reference>
        <reference id="RFC1974">
            <name>RFC 1974</name>
            <title>PPP Stac LZS Compression Protocol</title>
            <organization>IETF</organization>
            <date>1996</date>
            <hyperlink>http://tools.ietf.org/html/rfc1974</hyperlink>
        </reference>
        <reference id="RFC2080">
            <name>RFC 2080</name>
            <title>RIPng for IPv6</title>
            <organization>IETF</organization>
            <category>RFC</category>
            <date>1997</date>
            <hyperlink>http://tools.ietf.org/html/rfc2080</hyperlink>
        </reference>
        <reference id="RFC2097">
            <name>RFC 2097</name>
            <title>The PPP NetBIOS Frames Control Protocol (NBFCP)</title>
            <organization>IETF</organization>
            <category>RFC</category>
            <date>1997</date>
            <hyperlink>http://tools.ietf.org/html/rfc2097</hyperlink>
        </reference>
        <reference id="RFC2119">
            <name>RFC 2119</name>
            <title>Key words for use in RFCs to Indicate Requirement Levels</title>
            <organization>IETF</organization>
            <category>RFC</category>
            <hyperlink>http://tools.ietf.org/html/rfc2119</hyperlink>
        </reference>
        <reference id="RFC2131">
            <name>RFC 2131</name>
            <title>Dynamic Host Configuration Protocol</title>
            <organization>IETF</organization>
            <category>RFC</category>
            <hyperlink>http://tools.ietf.org/html/rfc2131</hyperlink>
        </reference>
        <reference id="RFC2132">
            <name>RFC 2132</name>
            <title>DHCP Options and BOOTP Vendor Extensions</title>
            <organization>IETF</organization>
            <category>RFC</category>
            <hyperlink>http://tools.ietf.org/html/rfc2132</hyperlink>
        </reference>
        <reference id="RFC2225">
            <name>RFC 2225</name>
            <title>Classical IP and ARP over ATM</title>
            <organization>IETF</organization>
            <category>RFC</category>
            <hyperlink>http://tools.ietf.org/html/rfc2225</hyperlink>
        </reference>
        <reference id="RFC2364">
            <name>RFC 2364</name>
            <title>PPP Over AAL5</title>
            <organization>IETF</organization>
            <date>1998</date>
            <hyperlink>http://tools.ietf.org/html/rfc2364</hyperlink>
        </reference>
        <reference id="RFC2474">
            <name>RFC 2474</name>
            <title>Definition of the Differentiated Services Field (DS Field) in the IPv4 and IPv6 Headers</title>
            <organization>IETF</organization>
            <category>RFC</category>
            <hyperlink>http://tools.ietf.org/html/rfc2474</hyperlink>
        </reference>
        <reference id="RFC2516">
            <name>RFC 2516</name>
            <title>A Method for Transmitting PPP Over Ethernet (PPPoE)</title>
            <organization>IETF</organization>
            <category>RFC</category>
            <hyperlink>http://tools.ietf.org/html/rfc2516</hyperlink>
        </reference>
        <reference id="RFC2616">
            <name>RFC 2616</name>
            <title>Hypertext Transfer Protocol -- HTTP/1.1</title>
            <organization>IETF</organization>
            <category>RFC</category>
            <date>1999</date>
            <hyperlink>http://tools.ietf.org/html/rfc2616</hyperlink>
        </reference>
        <reference id="RFC2634">
            <name>RFC 2634</name>
            <title>Enhanced Security Services for S/MIME</title>
            <organization>IETF</organization>
            <category>RFC</category>
            <hyperlink>http://tools.ietf.org/html/rfc2634</hyperlink>
        </reference>
        <reference id="RFC2662">
            <name>RFC 2662</name>
            <title>Definitions of Managed Objects for the ADSL Lines</title>
            <organization>IETF</organization>
            <category>RFC</category>
            <hyperlink>http://tools.ietf.org/html/rfc2662</hyperlink>
        </reference>
        <reference id="RFC2684">
            <name>RFC 2684</name>
            <title>Multiprotocol Encapsulation over ATM Adaptation Layer 5</title>
            <organization>IETF</organization>
            <category>RFC</category>
            <hyperlink>http://tools.ietf.org/html/rfc2684</hyperlink>
        </reference>
        <reference id="RFC2697">
            <name>RFC 2697</name>
            <title>A Single Rate Three Color Marker</title>
            <organization>IETF</organization>
            <category>RFC</category>
            <hyperlink>http://tools.ietf.org/html/rfc2697</hyperlink>
        </reference>
        <reference id="RFC2698">
            <name>RFC 2698</name>
            <title>A Two Rate Three Color Marker</title>
            <organization>IETF</organization>
            <category>RFC</category>
            <hyperlink>http://tools.ietf.org/html/rfc2698</hyperlink>
        </reference>
        <reference id="RFC2782">
            <name>RFC 2782</name>
            <title>A DNS RR for specifying the location of services (DNS SRV)</title>
            <organization>IETF</organization>
            <category>RFC</category>
            <date>2000</date>
            <hyperlink>http://tools.ietf.org/html/rfc2782</hyperlink>
        </reference>
        <reference id="RFC2819">
            <name>RFC 2819</name>
            <title>Remote Network Monitoring Management Information Base</title>
            <organization>IETF</organization>
            <date>2000</date>
        </reference>
        <reference id="RFC2869">
            <name>RFC 2869</name>
            <title>RADIUS Extensions</title>
            <organization>IETF</organization>
            <category>RFC</category>
            <date>2000</date>
        </reference>
        <reference id="RFC2863">
            <name>RFC 2863</name>
            <title>The Interfaces Group MIB</title>
            <organization>IETF</organization>
            <date>2000</date>
            <hyperlink>http://tools.ietf.org/html/rfc2863</hyperlink>
        </reference>
        <reference id="RFC2865">
            <name>RFC 2865</name>
            <title>Remote Authentication Dial In User Service (RADIUS)</title>
            <organization>IETF</organization>
            <date>2000</date>
            <hyperlink>http://tools.ietf.org/html/rfc2865</hyperlink>
        </reference>
        <reference id="RFC2866">
            <name>RFC 2866</name>
            <title>RADIUS Accounting</title>
            <organization>IETF</organization>
            <category>RFC</category>
            <date>2000</date>
        </reference>
        <reference id="RFC2898">
            <name>RFC 2898</name>
            <title>PKCS #5: Password-Based Cryptography Specification Version 2.0</title>
            <organization>IETF</organization>
            <category>RFC</category>
            <hyperlink>http://tools.ietf.org/html/rfc2898</hyperlink>
        </reference>
        <reference id="RFC3004">
            <name>RFC 3004</name>
            <title>The User Class Option for DHCP</title>
            <organization>IETF</organization>
            <category>RFC</category>
            <hyperlink>http://tools.ietf.org/html/rfc3004</hyperlink>
        </reference>
        <reference id="RFC3066">
            <name>RFC 3066</name>
            <title>Tags for the Identification of Languages</title>
            <organization>IETF</organization>
            <category>RFC</category>
            <hyperlink>http://tools.ietf.org/html/rfc3066</hyperlink>
        </reference>
        <reference id="RFC3232">
            <name>RFC 3232</name>
            <title>"Assigned Numbers: RFC 1700 is Replaced by an On-line Database"</title>
            <organization>IETF</organization>
            <category>RFC</category>
            <date>2002</date>
            <hyperlink>http://tools.ietf.org/html/rfc3232</hyperlink>
        </reference>
        <reference id="RFC3261">
            <name>RFC 3261</name>
            <title>SIP: Session Initiation Protocol</title>
            <organization>IETF</organization>
            <date>June 2002</date>
            <hyperlink>http://www.ietf.org/rfc/rfc3261.txt</hyperlink>
        </reference>
        <reference id="RFC3315">
            <name>RFC 3315</name>
            <title>Dynamic Host Configuration Protocol for IPv6 (DHCPv6)</title>
            <organization>IETF</organization>
            <category>RFC</category>
            <date>2003</date>
            <hyperlink>http://tools.ietf.org/html/rfc3315</hyperlink>
        </reference>
        <reference id="RFC3455">
            <name>RFC 3455</name>
            <title>Private Header (P-Header) Extensions to the Session Initiation Protocol (SIP) for the 3rd-Generation Partnership Project (3GPP)</title>
            <organization>IETF</organization>
            <date>January 2003</date>
            <hyperlink>http://www.ietf.org/rfc/rfc3455.txt</hyperlink>
        </reference>
        <reference id="RFC3489">
            <name>RFC 3489</name>
            <title>STUN - Simple Traversal of User Datagram Protocol (UDP) Through Network Address Translators (NATs)</title>
            <organization>IETF</organization>
            <category>RFC</category>
            <hyperlink>http://tools.ietf.org/html/rfc3489</hyperlink>
        </reference>
        <reference id="RFC3513">
            <name>RFC 3513</name>
            <title>Internet Protocol Version 6 (IPv6) Addressing Architecture</title>
            <organization>IETF</organization>
            <category>RFC</category>
            <hyperlink>http://tools.ietf.org/html/rfc3513</hyperlink>
        </reference>
        <reference id="RFC3550">
            <name>RFC 3550</name>
            <title>RTP: A Transport Protocol for Real-Time Applications</title>
            <organization>IETF</organization>
            <date>July 2003</date>
            <hyperlink>http://www.ietf.org/rfc/rfc3550.txt</hyperlink>
        </reference>
        <reference id="RFC3596">
            <name>RFC 3596</name>
            <title>DDNS Extensions to Support IP Version 6</title>
            <organization>IETF</organization>
            <category>RFC</category>
            <date>2003</date>
            <hyperlink>http://tools.ietf.org/html/rfc3596</hyperlink>
        </reference>
        <reference id="RFC3633">
            <name>RFC 3633</name>
            <title>IPv6 Prefix Options for Dynamic Host Configuration Protocol (DHCP) version 6</title>
            <organization>IETF</organization>
            <category>RFC</category>
            <date>2003</date>
            <hyperlink>http://tools.ietf.org/html/rfc3633</hyperlink>
        </reference>
        <reference id="RFC3646">
            <name>RFC 3646</name>
            <title>DNS Configuration options for Dynamic Host Configuration Protocol for IPv6 (DHCPv6)</title>
            <organization>IETF</organization>
            <category>RFC</category>
            <date>2003</date>
            <hyperlink>http://tools.ietf.org/html/rfc3646</hyperlink>
        </reference>
        <reference id="RFC3775">
            <name>RFC 3775</name>
            <title>Mobility Support in IPv6</title>
            <organization>IETF</organization>
            <category>RFC</category>
            <date>2004</date>
            <hyperlink>http://tools.ietf.org/html/rfc3775</hyperlink>
        </reference>
        <reference id="RFC3873">
            <name>RFC 3873</name>
            <title>Stream Control Transmission Protocol (SCTP) Management Information Base (MIB)</title>
            <organization>IETF</organization>
            <date>September 2004</date>
            <hyperlink>http://www.ietf.org/rfc/rfc3873.txt</hyperlink>
        </reference>
        <reference id="RFC3925">
            <name>RFC 3925</name>
            <title>Vendor-Identifying Vendor Options for Dynamic Host Configuration Protocol version 4 (DHCPv4)</title>
            <organization>IETF</organization>
            <category>RFC</category>
            <hyperlink>http://tools.ietf.org/html/rfc3925</hyperlink>
        </reference>
        <reference id="RFC3927">
            <name>RFC 3927</name>
            <title>Dynamic Configuration of IPv4 Link-Local Addresses</title>
            <organization>IETF</organization>
            <date>2005</date>
            <hyperlink>http://tools.ietf.org/html/rfc3927</hyperlink>
        </reference>
        <reference id="RFC3948">
            <name>RFC 3948</name>
            <title>UDP Encapsulation of IPsec ESP Packets</title>
            <organization>IETF</organization>
            <category>RFC</category>
            <date>January 2005</date>
            <hyperlink>http://tools.ietf.org/html/rfc3948</hyperlink>
        </reference>
        <reference id="RFC3986">
            <name>RFC 3986</name>
            <title>Uniform Resource Identifier (URI): Generic Syntax</title>
            <organization>IETF</organization>
            <category>RFC</category>
            <hyperlink>http://tools.ietf.org/html/rfc3986</hyperlink>
        </reference>
        <reference id="RFC4028">
            <name>RFC 4028</name>
            <title>Session Timers in the Session Initiation Protocol (SIP)</title>
            <organization>IETF</organization>
            <date>April 2005</date>
            <hyperlink>http://tools.ietf.org/html/rfc4028</hyperlink>
        </reference>
        <reference id="RFC4122">
            <name>RFC 4122</name>
            <title>A Universally Unique IDentifier (UUID) URN Namespace</title>
            <organization>IETF</organization>
            <category>RFC</category>
            <date>2005</date>
            <hyperlink>http://tools.ietf.org/html/rfc4122</hyperlink>
        </reference>
        <reference id="RFC4191">
            <name>RFC 4191</name>
            <title>Default Router Preferences and More-Specific Routes</title>
            <organization>IETF</organization>
            <category>RFC</category>
            <date>2005</date>
            <hyperlink>http://tools.ietf.org/html/rfc4191</hyperlink>
        </reference>
        <reference id="RFC4193">
            <name>RFC 4193</name>
            <title>Unique Local IPv6 Unicast Addresses</title>
            <organization>IETF</organization>
            <category>RFC</category>
            <date>2005</date>
            <hyperlink>http://tools.ietf.org/html/rfc4193</hyperlink>
        </reference>
        <reference id="RFC4242">
            <name>RFC 4242</name>
            <title>Information Refresh Time Option for Dynamic Host Configuration Protocol for IPv6 (DHCPv6)</title>
            <organization>IETF</organization>
            <category>RFC</category>
            <date>2005</date>
            <hyperlink>http://tools.ietf.org/html/rfc4242</hyperlink>
        </reference>
        <reference id="RFC4291">
            <name>RFC 4291</name>
            <title>IP Version 6 Addressing Architecture</title>
            <organization>IETF</organization>
            <category>RFC</category>
            <date>2006</date>
            <hyperlink>http://tools.ietf.org/html/rfc4291</hyperlink>
        </reference>
        <reference id="RFC4292">
            <name>RFC 4292</name>
            <title>IP Forwarding Table MIB</title>
            <organization>IETF</organization>
            <category>RFC</category>
            <date>2006</date>
            <hyperlink>http://tools.ietf.org/html/rfc4292</hyperlink>
        </reference>
        <reference id="RFC4293">
            <name>RFC 4293</name>
            <title>Management Information Base for the Internet Protocol (IP)</title>
            <organization>IETF</organization>
            <category>RFC</category>
            <date>2006</date>
            <hyperlink>http://tools.ietf.org/html/rfc4293</hyperlink>
        </reference>
        <reference id="RFC4301">
            <name>RFC 4301</name>
            <title>Security Architecture for the Internet Protocol</title>
            <organization>IETF</organization>
            <date>December 2005</date>
            <hyperlink>http://www.ietf.org/rfc/rfc4301.txt</hyperlink>
        </reference>
        <reference id="RFC4302">
            <name>RFC 4302</name>
            <title>IP Authentication Header</title>
            <organization>IETF</organization>
            <category>RFC</category>
            <date>December 2005</date>
            <hyperlink>http://tools.ietf.org/html/rfc4302</hyperlink>
        </reference>
        <reference id="RFC4303">
            <name>RFC 4303</name>
            <title>IP Encapsulating Security Payload (ESP)</title>
            <organization>IETF</organization>
            <category>RFC</category>
            <date>December 2005</date>
            <hyperlink>http://tools.ietf.org/html/rfc4303</hyperlink>
        </reference>
        <reference id="RFC4307">
            <name>RFC 4307</name>
            <title>Cryptographic Algorithms for Use in the Internet Key Exchange Version 2 (IKEv2)</title>
            <organization>IETF</organization>
            <date>December 2005</date>
            <hyperlink>http://www.ietf.org/rfc/rfc4307.txt</hyperlink>
        </reference>
        <reference id="RFC4389">
            <name>RFC 4389</name>
            <title>Neighbor Discovery Proxies (ND Proxy)</title>
            <organization>IETF</organization>
            <category>RFC</category>
            <date>2006</date>
            <hyperlink>http://tools.ietf.org/html/rfc4389</hyperlink>
        </reference>
        <reference id="RFC4632">
            <name>RFC 4632</name>
            <title>Classless Inter-domain Routing (CIDR): The Internet Address Assignment and Aggregation Plan</title>
            <organization>IETF</organization>
            <date>2006</date>
            <hyperlink>http://tools.ietf.org/html/rfc4632</hyperlink>
        </reference>
        <reference id="RFC4835">
            <name>RFC 4835</name>
            <title>Cryptographic Algorithm Implementation Requirements for Encapsulating Security Payload (ESP) and Authentication Header (AH)</title>
            <organization>IETF</organization>
            <category>RFC</category>
            <date>2007</date>
            <hyperlink>http://tools.ietf.org/html/rfc4835</hyperlink>
        </reference>
        <reference id="RFC4861">
            <name>RFC 4861</name>
            <title>Neighbor Discovery for IP version 6 (IPv6)</title>
            <organization>IETF</organization>
            <category>RFC</category>
            <date>2007</date>
            <hyperlink>http://tools.ietf.org/html/rfc4861</hyperlink>
        </reference>
        <reference id="RFC4862">
            <name>RFC 4862</name>
            <title>IPv6 Stateless Address Autoconfiguration</title>
            <organization>IETF</organization>
            <category>RFC</category>
            <date>2007</date>
            <hyperlink>http://tools.ietf.org/html/rfc4862</hyperlink>
        </reference>
        <reference id="RFC4960">
            <name>RFC 4960</name>
            <title>Stream Control Transmission Protocol</title>
            <organization>IETF</organization>
            <date>September 2007</date>
            <hyperlink>http://www.ietf.org/rfc/rfc4960.txt</hyperlink>
        </reference>
        <reference id="RFC5072">
            <name>RFC 5072</name>
            <title>IP Version 6 over PPP</title>
            <organization>IETF</organization>
            <category>RFC</category>
            <date>2007</date>
            <hyperlink>http://tools.ietf.org/html/rfc5072</hyperlink>
        </reference>
        <reference id="RFC5139">
            <name>RFC 5139</name>
            <title>Revised Civic Location Format For Presence Information Data Format Location Object (PIDF-LO)</title>
            <organization>IETF</organization>
            <date>February 2008</date>
            <hyperlink>http://tools.ietf.org/html/rfc5139</hyperlink>
        </reference>
        <reference id="RFC5280">
            <name>RFC 5280</name>
            <title>Internet X.509 Public Key Infrastructure Certificate and Certificate Revocation List (CRL) Profile</title>
            <organization>IETF</organization>
            <date>May 2008</date>
            <hyperlink>http://datatracker.ietf.org/doc/rfc5280/</hyperlink>
        </reference>
        <reference id="RFC5491">
            <name>RFC 5491</name>
            <title>GEOPRIV Presence Information Data Format Location Object (PIDF-LO) Usage Clarification, Considerations, and Recommendations</title>
            <organization>IETF</organization>
            <date>March 2009</date>
            <hyperlink>http://tools.ietf.org/html/rfc5491</hyperlink>
        </reference>
        <reference id="RFC5625">
            <name>RFC 5625</name>
            <title>DNS Proxy Implementation Guidelines</title>
            <organization>IETF</organization>
            <date>2009</date>
            <hyperlink>http://tools.ietf.org/html/rfc5625</hyperlink>
        </reference>
        <reference id="RFC5969">
            <name>RFC 5969</name>
            <title>IPv6 Rapid Deployment on IPv4 Infrastructures (6rd) - Protocol Specification</title>
            <organization>IETF</organization>
            <category>RFC</category>
            <date>2010</date>
            <hyperlink>http://tools.ietf.org/html/rfc5969</hyperlink>
        </reference>
        <reference id="RFC5996">
            <name>RFC 5996</name>
            <title>Internet Key Exchange Protocol Version 2 (IKEv2)</title>
            <organization>IETF</organization>
            <category>RFC</category>
            <date>September 2010</date>
            <hyperlink>http://tools.ietf.org/html/rfc5996</hyperlink>
        </reference>
        <reference id="RFC6106">
            <name>RFC 6106</name>
            <title>IPv6 Router Advertisement Option for DNS Configuration</title>
            <organization>IETF</organization>
            <category>RFC</category>
            <date>2010</date>
            <hyperlink>http://tools.ietf.org/html/rfc6106</hyperlink>
        </reference>
        <reference id="SOAP1.1">
            <name>Simple Object Access Protocol (SOAP) 1.1</name>
            <organization>W3C</organization>
            <hyperlink>http://www.w3.org/TR/2000/NOTE-SOAP-20000508</hyperlink>
        </reference>
        <reference id="TR-064">
            <name>TR-064</name>
            <title>LAN-Side DSL CPE Configuration Specification</title>
            <organization>Broadband Forum</organization>
            <category>TR</category>
            <date>2004</date>
        </reference>
        <reference id="TR-069">
            <name>TR-069</name>
            <title>CPE WAN Management Protocol</title>
            <organization>Broadband Forum</organization>
            <category>TR</category>
            <date>2004</date>
        </reference>
        <reference id="TR-069a1">
            <name>TR-069 Amendment 1</name>
            <title>CPE WAN Management Protocol</title>
            <organization>Broadband Forum</organization>
            <category>TR</category>
            <date>2006</date>
        </reference>
        <reference id="TR-069a2">
            <name>TR-069 Amendment 2</name>
            <title>CPE WAN Management Protocol</title>
            <organization>Broadband Forum</organization>
            <category>TR</category>
            <date>2007</date>
        </reference>
        <reference id="TR-069a3">
            <name>TR-069 Amendment 3</name>
            <title>CPE WAN Management Protocol</title>
            <organization>Broadband Forum</organization>
            <category>TR</category>
            <date>2010</date>
        </reference>
        <reference id="TR-069a4">
            <name>TR-069 Amendment 4</name>
            <title>CPE WAN Management Protocol</title>
            <organization>Broadband Forum</organization>
            <category>TR</category>
            <date>2011</date>
        </reference>
        <reference id="TR-098">
            <name>TR-098</name>
            <title>Internet Gateway Device Data Model for TR-069</title>
            <organization>Broadband Forum</organization>
            <category>TR</category>
            <date>2005</date>
        </reference>
        <reference id="TR-098a1">
            <name>TR-098 Amendment 1</name>
            <title>Internet Gateway Device Data Model for TR-069</title>
            <organization>Broadband Forum</organization>
            <category>TR</category>
            <date>2006</date>
        </reference>
        <reference id="TR-098a2">
            <name>TR-098 Amendment 2</name>
            <title>Internet Gateway Device Data Model for TR-069</title>
            <organization>Broadband Forum</organization>
            <category>TR</category>
            <date>2008</date>
        </reference>
        <reference id="TR-106">
            <name>TR-106</name>
            <title>Data Model Template for TR-069-Enabled Devices</title>
            <organization>Broadband Forum</organization>
            <category>TR</category>
            <date>2005</date>
        </reference>
        <reference id="TR-106a1">
            <name>TR-106 Amendment 1</name>
            <title>Data Model Template for TR-069-Enabled Devices</title>
            <organization>Broadband Forum</organization>
            <category>TR</category>
            <date>2006</date>
        </reference>
        <reference id="TR-106a2">
            <name>TR-106 Amendment 2</name>
            <title>Data Model Template for TR-069-Enabled Devices</title>
            <organization>Broadband Forum</organization>
            <category>TR</category>
            <date>2008</date>
        </reference>
        <reference id="TR-106a3">
            <name>TR-106 Amendment 3</name>
            <title>Data Model Template for TR-069-Enabled Devices</title>
            <organization>Broadband Forum</organization>
            <category>TR</category>
            <date>2009</date>
        </reference>
        <reference id="TR-106a4">
            <name>TR-106 Amendment 4</name>
            <title>Data Model Template for TR-069-Enabled Devices</title>
            <organization>Broadband Forum</organization>
            <category>TR</category>
            <date>2010</date>
        </reference>
        <reference id="TR-106a5">
            <name>TR-106 Amendment 5</name>
            <title>Data Model Template for TR-069-Enabled Devices</title>
            <organization>Broadband Forum</organization>
            <category>TR</category>
            <date>2010</date>
        </reference>
        <reference id="TR-106a6">
            <name>TR-106 Amendment 6</name>
            <title>Data Model Template for TR-069-Enabled Devices</title>
            <organization>Broadband Forum</organization>
            <category>TR</category>
            <date>2011</date>
        </reference>
        <reference id="TR-124i2">
            <name>TR-124 Issue 2</name>
            <title>Functional Requirements for Broadband Residential Gateway Devices</title>
            <organization>Broadband Forum</organization>
            <category>TR</category>
            <date>2010</date>
        </reference>
        <reference id="TR-143">
            <name>TR-143</name>
            <title>Enabling Network Throughput Performance Tests and Statistical Monitoring</title>
            <organization>Broadband Forum</organization>
            <category>TR</category>
            <date>2008</date>
        </reference>
        <reference id="TR-157a3">
            <name>TR-157 Amendment 3</name>
            <title>Componnent Objects for CWMP</title>
            <organization>Broadband Forum</organization>
            <category>TR</category>
            <date>2010</date>
        </reference>
        <reference id="TR-157a5">
            <name>TR-157 Amendment 5</name>
            <title>Componnent Objects for CWMP</title>
            <organization>Broadband Forum</organization>
            <category>TR</category>
            <date>2011</date>
        </reference>
        <reference id="TR-159">
            <name>TR-159</name>
            <title>Management Framework for xDSL Bonding</title>
            <organization>Broadband Forum</organization>
            <category>TR</category>
            <date>2008</date>
        </reference>
        <reference id="TR-181i1">
            <name>TR-181 Issue 1</name>
            <title>Device Data Model for TR-069</title>
            <organization>Broadband Forum</organization>
            <category>TR</category>
            <date>2010</date>
        </reference>
        <reference id="TR-181i2">
            <name>TR-181 Issue 2</name>
            <title>Device Data Model for TR-069</title>
            <organization>Broadband Forum</organization>
            <category>TR</category>
            <date>2010</date>
        </reference>
        <reference id="TR-181i2a1">
            <name>TR-181 Issue 2 Amendment 1</name>
            <title>Device Data Model for TR-069</title>
            <organization>Broadband Forum</organization>
            <category>TR</category>
            <date>2010</date>
        </reference>
        <reference id="TR-181i2a2">
            <name>TR-181 Issue 2 Amendment 2</name>
            <title>Device Data Model for TR-069</title>
            <organization>Broadband Forum</organization>
            <category>TR</category>
            <date>2011</date>
        </reference>
        <reference id="TR-181i2a5">
            <name>TR-181 Issue 2 Amendment 5</name>
            <title>Device Data Model for TR-069</title>
            <organization>Broadband Forum</organization>
            <category>TR</category>
            <date>2012</date>
        </reference>
        <reference id="TR-196i2">
            <name>TR-196 Issue 2</name>
            <title>Femto Access Point Service Data Model</title>
            <organization>Broadband Forum</organization>
            <category>TR</category>
            <date>2011</date>
        </reference>
        <reference id="TR-262">
            <name>TR-262</name>
            <title>Femto Component Objects</title>
            <organization>Broadband Forum</organization>
            <category>TR</category>
            <date>2011</date>
        </reference>
        <reference id="UPA-PLC">
            <name>Universal Powerline Association</name>
            <organization>UPA</organization>
            <hyperlink>http://www.upaplc.org</hyperlink>
        </reference>
        <reference id="UPnP-DM:1">
            <name>UPnP Device Management:1</name>
            <title>UPnP Device Management v1</title>
            <hyperlink>http://upnp.org/specs/dm/dm1/</hyperlink>
        </reference>
        <reference id="UPnP-IGD:1">
            <name>UPnP InternetGatewayDevice:1</name>
            <title>InternetGatewayDevice:1 Device Template Version 1.01</title>
            <organization>UPnP</organization>
            <category>SDCP</category>
            <date>2001</date>
            <hyperlink>http://upnp.org/specs/gw/UPnP-gw-InternetGatewayDevice-v1-Device.pdf</hyperlink>
        </reference>
        <reference id="UPnP-IGD:2">
            <name>UPnP InternetGatewayDevice:2</name>
            <title>InternetGatewayDevice:2 Device Template Version 1.01</title>
            <organization>UPnP</organization>
            <category>SDCP</category>
            <date>2010</date>
            <hyperlink>http://upnp.org/specs/gw/UPnP-gw-InternetGatewayDevice-v2-Device.pdf</hyperlink>
        </reference>
        <reference id="UPnP-DAv11">
            <name>UPnP Device Architecture 1.1</name>
            <title>UPnP Device Architecture 1.1</title>
            <organization>UPnP Forum</organization>
            <date>October, 2008</date>
            <hyperlink>http://www.upnp.org/specs/arch/UPnP-arch-DeviceArchitecture-v1.1.pdf</hyperlink>
        </reference>
        <reference id="RFC6335">
            <name>RFC6335</name>
            <title>Internet Assigned Numbers Authority (IANA) Procedures for the Management of the Service Name and Transport Protocol Port Number Registry</title>
            <organization>IETF</organization>
            <date>2011</date>
            <hyperlink>http://datatracker.ietf.org/doc/rfc6335/</hyperlink>
        </reference>
        <reference id="DNS-SD">
            <name>draft-cheshire-dnsext-dns-sd</name>
            <title>DNS-Based Service Discovery</title>
            <organization>IETF</organization>
            <category>Draft</category>
            <date>2011</date>
            <hyperlink>http://tools.ietf.org/html/draft-cheshire-dnsext-dns-sd</hyperlink>
        </reference>
        <reference id="mDNS">
            <name>draft-cheshire-dnsext-multicastdns</name>
            <title>Multicast DNS</title>
            <organization>IETF</organization>
            <category>Draft</category>
            <date>2011</date>
            <hyperlink>http://tools.ietf.org/html/draft-cheshire-dnsext-multicastdns</hyperlink>
        </reference>
        <reference id="WPSv1.0">
            <name>Wi-Fi Protected Setup Specification Version 1.0h</name>
            <title>Wi-Fi Alliance</title>
            <date>2006</date>
            <hyperlink>http://www.wi-fi.org</hyperlink>
        </reference>
        <reference id="ZigBee">
            <name>ZigBee</name>
            <title>ZigBee Alliance website</title>
            <hyperlink>http://www.zigbee.org</hyperlink>
        </reference>
        <reference id="Z-Wave">
            <name>Z-Wave</name>
            <title>Z-Wave website</title>
            <hyperlink>http://www.z-wave.com</hyperlink>
        </reference>
      <reference id="ETSIM2MFA">
          <name>ETSI TS 102 690 v1.1.6</name>
          <title>Machine-to-Machine Communications (M2M Functional Architecture)</title>
          <organization>ETSI</organization>
          <date>June 2012</date>
           <hyperlink>http://docbox.etsi.org/M2M/Open/Latest_Drafts/00002ed121v116.pdf</hyperlink>
       </reference>
        <reference id="ETSIM2MInterfaces">
            <name>ETSI TS 102 921 v1.1.6</name>
            <title>M2M mIa, dIa and mId Interfaces</title>
            <organization>ETSI</organization>
            <date>August 2012</date>
            <hyperlink>http://docbox.etsi.org/M2M/Open/Latest_Drafts/00010ed121v116.pdf</hyperlink>
        </reference>
        <reference id="POSIXBase">
            <name>ISO/IEC/IEEE 9945</name>
            <title>Information technology - Portable Operating System Interface (POSIX) Base Specifications, Issue 7</title>
            <organization>ISO/IEC/IEEE</organization>
            <date>September 2009</date>
              <hyperlink>http://ieeexplore.ieee.org/xpl/mostRecentIssue.jsp?punumber=4694974</hyperlink>
          </reference>
    </bibliography>
</dm:document>