<?xml version="1.0" encoding="UTF-8"?>
<!-- 
    TR-069 InternetGatewayDevice:1.12 Root Object definition

Notice:
The Broadband Forum is a non-profit corporation organized to create guidelines for broadband network system development and deployment. This Broadband Forum Technical Report has been approved by members of the Forum. This Broadband Forum Technical Report is not binding on the Broadband Forum, any of its members, or any developer or service provider. This Broadband Forum Technical Report is subject to change, but only with approval of members of the Forum.  This Technical Report is copyrighted by the Broadband Forum, and all rights are reserved.  Portions of this Technical Report may be copyrighted by Broadband Forum members.

This Broadband Forum Technical Report is provided AS IS, WITH ALL FAULTS. ANY PERSON HOLDING A COPYRIGHT IN THIS BROADBAND FORUM TECHNICAL REPORT, OR ANY PORTION THEREOF, DISCLAIMS TO THE FULLEST EXTENT PERMITTED BY LAW ANY REPRESENTATION OR WARRANTY, EXPRESS OR IMPLIED, INCLUDING, BUT NOT LIMITED TO, ANY WARRANTY: 

(A)	OF ACCURACY, COMPLETENESS, MERCHANTABILITY, FITNESS FOR A PARTICULAR PURPOSE, NON-INFRINGEMENT, OR TITLE;
(B)	THAT THE CONTENTS OF THIS BROADBAND FORUM TECHNICAL REPORT ARE SUITABLE FOR ANY PURPOSE, EVEN IF THAT PURPOSE IS KNOWN TO THE COPYRIGHT HOLDER;
(C)	THAT THE IMPLEMENTATION OF THE CONTENTS OF THE TECHNICAL REPORT WILL NOT INFRINGE ANY THIRD PARTY PATENTS, COPYRIGHTS, TRADEMARKS OR OTHER RIGHTS.

By using this Broadband Forum Technical Report, users acknowledge that implementation may require licenses to patents.  The Broadband Forum encourages but does not require its members to identify such patents. For a list of declarations made by Broadband Forum member companies, please see http://www.broadband-forum.org.  No assurance is given that licenses to patents necessary to implement this Technical Report will be available for license at all or on reasonable and non-discriminatory terms.

ANY PERSON HOLDING A COPYRIGHT IN THIS BROADBAND FORUM TECHNICAL REPORT, OR ANY PORTION THEREOF, DISCLAIMS TO THE FULLEST EXTENT PERMITTED BY LAW (A) ANY LIABILITY (INCLUDING DIRECT, INDIRECT, SPECIAL, OR CONSEQUENTIAL DAMAGES UNDER ANY LEGAL THEORY) ARISING FROM OR RELATED TO THE USE OF OR RELIANCE UPON THIS TECHNICAL REPORT; AND (B) ANY OBLIGATION TO UPDATE OR CORRECT THIS TECHNICAL REPORT.

Broadband Forum Technical Reports may be copied, downloaded, stored on a server or otherwise re-distributed in their entirety only, and may not be modified without the advance written permission of the Broadband Forum.

The text of this notice must be included in all copies of this Broadband Forum Technical Report.

    
    Summary:
    TR-069 InternetGatewayDevice Root Object definition.
    
    Issue History:
    * March 2009: tr-098-1-2-0.xml: corresponds to TR-098 Amendment 1 sections 2.4 (Data
              Model), 2.4.1 (Inform and Notification Requirements) and 3 (Profile
              Definitions).
    * September 2009: tr-098-1-2-0.xml (name unchanged)
              - fixed header information (had been cut-and-pasted from elsewhere)
              - changed WLANConfigurationNumberOfEntries to (wrong but consistent)
                LANWLANConfigurationNumberOfEntries
              - fixed 802.1Q-2004 reference to 802.1Q-2005
              - fixed cwmp-datamodel.xsd to be cwmp-datamodel-1-0.xsd    
    * July 2011: tr098-1-3-0.xml 
              - Alias extensions
    * October 2011: tr098-1-4-0.xml
            imports new optional components for Femto FAP from TR-262:
            - GPS
            - Tunnel
            - Performance Manamgemen
            - Application Platform    
            import of new/updated optional components from TR-157a5
            - Software modules
            - Fault Management
            - Location
            - Security
    * May 2012: tr-098-1-5-0.xml 
            imports the new BulkDataCollection component from TR-157a6
    * November 2012: tr-098-1-6-0.xml 
        Add components from TR-157a7
        Added software components to remove non-ascii characters
        * BulkDataCollectionDiffs
        * DI_VendorLogFilesDiffss
        * UI_RemoteAccessDiffs
        * PeriodicStatisticsDiff
-->

<dm:document xmlns:dm="urn:broadband-forum-org:cwmp:datamodel-1-4"
    xmlns:dmr="urn:broadband-forum-org:cwmp:datamodel-report-0-1"
    xmlns:xsi="http://www.w3.org/2001/XMLSchema-instance"
    xsi:schemaLocation="urn:broadband-forum-org:cwmp:datamodel-1-4
                           http://www.broadband-forum.org/cwmp/cwmp-datamodel-1-4.xsd
                        urn:broadband-forum-org:cwmp:datamodel-report-0-1
                           http://www.broadband-forum.org/cwmp/cwmp-datamodel-report.xsd"
             spec="urn:broadband-forum-org:tr-098-1-6-0" file="tr-098-1-6-0.xml">
        
  <description>
    InternetGatewayDevice:1.12 root data model
    November 2012
    TR-098 Issue 1 Amendment 6
  </description>
      
  <!-- imports modified/new common objects from tr-157-1-7 -->
  <import file="tr-157-1-7.xml" spec="urn:broadband-forum-org:tr-157-1-7">
    <component name="UPnPDiffs"/>
    <component name="DNS_SD"/>
    <component name="DI_SupportedDataModelDiffs"/>
    <component name="MS_VirtualDeviceDiffs"/>
    <component name="MS_EmbeddedDeviceDiffs"/>
    <component name="DI_ProxierInfoDiffs"/>
    <component name="BulkDataCollectionDiffs"/>
    <component name="DI_VendorLogFilesDiffs"/>
    <component name="UI_RemoteAccessDiffs"/>
    <component name="PeriodicStatisticsDiffs"/>
  </import>
    
  <!-- import InternetGatewayDevice:1.11 datamodel from tr-098-1-5 -->
  <import file="tr-098-1-5.xml" spec="urn:broadband-forum-org:tr-098-1-5-0">
    <model name="InternetGatewayDevice:1.11"/>
  </import>  
    
  <model name="InternetGatewayDevice:1.12" base="InternetGatewayDevice:1.11">
    <object name="InternetGatewayDevice.DNS." access="readOnly" minEntries="1" maxEntries="1">
      <description>
        Properties for Domain Name Service (DNS). It contains the Service Discovery (DNS-SD) objects.
      </description>
      </object>
   <component path="InternetGatewayDevice." ref="UPnPDiffs" />
   <component path="InternetGatewayDevice." ref="DNS_SD" />
   <component path="InternetGatewayDevice." ref="DI_SupportedDataModelDiffs" />
   <component path="InternetGatewayDevice." ref="MS_VirtualDeviceDiffs" />
   <component path="InternetGatewayDevice." ref="MS_EmbeddedDeviceDiffs" />
   <component path="InternetGatewayDevice." ref="DI_ProxierInfoDiffs" />
   <component path="InternetGatewayDevice." ref="BulkDataCollectionDiffs"/>
   <component path="InternetGatewayDevice." ref="DI_VendorLogFilesDiffs"/>
   <component path="InternetGatewayDevice."  ref="UI_RemoteAccessDiffs"/>
   <component path="InternetGatewayDevice."  ref="PeriodicStatisticsDiffs"/>
  </model>
</dm:document>