<?xml version="1.0" encoding="UTF-8"?>
<!--
  TR-069 InternetGatewayDevice:1.9 Root Object definition

  Notice:
    The Broadband Forum is a non-profit corporation organized to create
    guidelines for broadband network system development and deployment.
    This Broadband Forum Document has been approved by members of the
    Forum. This Broadband Forum Document is not binding on the Broadband
    Forum, any of its members, or any developer or service provider.
    This Broadband Forum Document is subject to change, but only with
    approval of members of the Forum.  This Document is copyrighted by
    the Broadband Forum, and all rights are reserved.  Portions of this
    Document may be copyrighted by Broadband Forum members.

    This Broadband Forum Document is provided AS IS, WITH ALL FAULTS.
    ANY PERSON HOLDING A COPYRIGHT IN THIS BROADBAND FORUM DOCUMENT,
    OR ANY PORTION THEREOF, DISCLAIMS TO THE FULLEST EXTENT PERMITTED
    BY LAW ANY REPRESENTATION OR WARRANTY, EXPRESS OR IMPLIED,
    INCLUDING, BUT NOT LIMITED TO, ANY WARRANTY: 

    (a) OF ACCURACY, COMPLETENESS, MERCHANTABILITY, FITNESS FOR A
        PARTICULAR PURPOSE, NON-INFRINGEMENT, OR TITLE;
    (b) THAT THE CONTENTS OF THIS BROADBAND FORUM DOCUMENT ARE SUITABLE
        FOR ANY PURPOSE, EVEN IF THAT PURPOSE IS KNOWN TO THE COPYRIGHT
        HOLDER;
    (c) THAT THE IMPLEMENTATION OF THE CONTENTS OF THE DOCUMENT WILL NOT
        INFRINGE ANY THIRD PARTY PATENTS, COPYRIGHTS, TRADEMARKS OR
        OTHER RIGHTS.

    By using this Broadband Forum Document, users acknowledge that
    implementation may require licenses to patents.  The Broadband Forum
    encourages but does not require its members to identify such
    patents.  For a list of declarations made by Broadband Forum member
    companies, please see http://www.broadband-forum.org.  No assurance
    is given that licenses to patents necessary to implement this
    Document will be available for license at all or on reasonable and
    non-discriminatory terms.

    ANY PERSON HOLDING A COPYRIGHT IN THIS BROADBAND FORUM DOCUMENT, OR
    ANY PORTION THEREOF, DISCLAIMS TO THE FULLEST EXTENT PERMITTED BY
    LAW (A) ANY LIABILITY (INCLUDING DIRECT, INDIRECT, SPECIAL, OR
    CONSEQUENTIAL DAMAGES UNDER ANY LEGAL THEORY) ARISING FROM OR
    RELATED TO THE USE OF OR RELIANCE UPON THIS DOCUMENT; AND (B) ANY
    OBLIGATION TO UPDATE OR CORRECT THIS DOCUMENT.

    Broadband Forum Documents may be copied, downloaded, stored on a
    server or otherwise re-distributed in their entirety only, and may
    not be modified without the advance written permission of the
    Broadband Forum.

    The text of this notice must be included in all copies of this
    Broadband Forum Document.


  Summary:
  TR-069 InternetGatewayDevice:1.9 Root Object Definition.  Contains definition of
  InternetGatewayDevice:1.9 Root Object.


  Editors:
    Sarah Banks, Cisco
    Andrea Colmegna, FASTWEB
    Tim Spets, Motorola Mobility

  Editors Object Addressing Extensions:
    Sarah Banks, Cisco
    Andrea Colmegna, FASTWEB
    Ping Fang, Huawei Technologies
    Nils Magnusson, TeliaSonera
    Anton Okmyanskiy, Cisco
    Staffan Ungsgard, TeliaSonera

  Editors Remote Management of non-TR-069 devices:
    John Blackford, Pace
    Ping Fang, Huawei Technologies
    Tim Spets, Motorola Mobility

  BroadbandHome™ Working Group Chairs:
    Greg Bathrick, PMC-Sierra
    Heather Kirksey, Alcatel-Lucent

  Vice Chair: 
    Jason Walls, UNH

  Chief Editor: 
    Michael Hanrahan, Huawei Technologies


  Version History:
  March 2009: tr-098-1-2-0.xml, corresponds to TR-098 Amendment 1 sections 2.4 (Data
              Model), 2.4.1 (Inform and Notification Requirements) and 3 (Profile
              Definitions).
  September 2009: tr-098-1-2-0.xml (name unchanged)
              - fixed header information (had been cut-and-pasted from elsewhere)
              - changed WLANConfigurationNumberOfEntries to (wrong but consistent)
                LANWLANConfigurationNumberOfEntries
              - fixed 802.1Q-2004 reference to 802.1Q-2005
              - fixed cwmp-datamodel.xsd to be cwmp-datamodel-1-0.xsd
  July 2011: tr-098-1-3-0.xml

-->

<dm:document xmlns:dm="urn:broadband-forum-org:cwmp:datamodel-1-4"
             xmlns:dmr="urn:broadband-forum-org:cwmp:datamodel-report-0-1"
             xmlns:xsi="http://www.w3.org/2001/XMLSchema-instance"
             xsi:schemaLocation="urn:broadband-forum-org:cwmp:datamodel-1-4
                                    http://www.broadband-forum.org/cwmp/cwmp-datamodel-1-4.xsd 
                                 urn:broadband-forum-org:cwmp:datamodel-report-0-1
                                    http://www.broadband-forum.org/cwmp/cwmp-datamodel-report.xsd"
             spec="urn:broadband-forum-org:tr-098-1-3-0" file="tr-098-1-3-0.xml">

  <description>TR-098 Amendment 3</description>

  <!-- import Alias DT definition -->
  <import file="tr-106-1-0-types.xml" spec="urn:broadband-forum-org:tr-106-1-0">
    <dataType name="Alias"/>
  </import>

	<!-- imports IGD datamodel from tr-157-1-3 -->
  <import file="tr-157-1-3.xml" spec="urn:broadband-forum-org:tr-157-1-3">
    <model name="InternetGatewayDevice:1.8"/>
  </import>

	<!-- imports modified/new common objects from tr-157-1-4 -->
  <import file="tr-157-1-4.xml" spec="urn:broadband-forum-org:tr-157-1-4">
    <component name="DI_VendorLogFilesDiffs"/>
    <component name="DI_ProcessorsDiffs"/>
    <component name="DI_SupportedDataModelDiffs"/>
    <component name="DI_TemperatureStatusDiffs"/>
    <component name="UserDiffs"/>
    <component name="SmartCardReaderDiffs"/>
    <component name="USBHostsDiffs"/>
    <component name="PeriodicStatisticsDiffs"/>
    <component name="DownloadAvailabilityDiffs"/>
    <component name="SoftwareModulesDiffs"/>
    <component name="NSLookupDiagDiffs"/>
    
    <!-- new in tr 157-1-4 -->
    <component name="DI_ProxierInfo"/>
    <component name="MS_EmbeddedDevice"/>
    <component name="MS_VirtualDevice"/>
  </import>

  <model name="InternetGatewayDevice:1.9" base="InternetGatewayDevice:1.8">
		<!-- adds new objects from tr-157-1-4 -->
    <component path="InternetGatewayDevice." ref="DI_ProxierInfo"/>
    <component path="InternetGatewayDevice." ref="MS_EmbeddedDevice"/>
    <component path="InternetGatewayDevice." ref="MS_VirtualDevice"/>

		<!-- replace modified objects from tr-157-1-4 -->
    <component path="InternetGatewayDevice." ref="DI_VendorLogFilesDiffs"/>
    <component path="InternetGatewayDevice." ref="DI_ProcessorsDiffs"/>
    <component path="InternetGatewayDevice." ref="DI_SupportedDataModelDiffs"/>
    <component path="InternetGatewayDevice." ref="DI_TemperatureStatusDiffs"/>
    <component path="InternetGatewayDevice." ref="UserDiffs"/>
    <component path="InternetGatewayDevice." ref="SmartCardReaderDiffs"/>
    <component path="InternetGatewayDevice." ref="USBHostsDiffs"/>
    <component path="InternetGatewayDevice." ref="PeriodicStatisticsDiffs"/>
    <component path="InternetGatewayDevice." ref="DownloadAvailabilityDiffs"/>
    <component path="InternetGatewayDevice." ref="SoftwareModulesDiffs"/>
    <component path="InternetGatewayDevice." ref="NSLookupDiagDiffs"/>

    <!-- Resolution for Item #4 from IL-098_Rev-01 -->
    <object base="InternetGatewayDevice.DeviceInfo." access="readOnly" minEntries="1" maxEntries="1">
      <parameter base="ManufacturerOUI" access="readOnly">
        <description action="replace">Organizationally unique identifier of the device manufacturer.  Represented as a six hexadecimal-digit value using all upper-case letters and including any leading zeros.  {{pattern}}
The value MUST be a valid OUI as defined in {{bibref|OUI}}.
This value MUST remain fixed over the lifetime of the device, including across firmware updates. Any change would indicate that it's a new device and would therefore require a BOOTSTRAP Inform.</description>
        <syntax>
          <string>
            <size minLength="6" maxLength="6"/>
            <pattern value="[0-9A-F]{6}"/>
          </string>
        </syntax>
      </parameter>
      <parameter base="ProductClass" access="readOnly">
        <description action="replace">Identifier of the class of product for which the serial number applies.  That is, for a given manufacturer, this  parameter is used to identify the product or class of product over which the {{param|SerialNumber}} parameter is unique.
This value MUST remain fixed over the lifetime of the device, including across firmware updates. Any change would indicate that it's  a new device and would therefore require a BOOTSTRAP Inform.</description>
      </parameter>
      <parameter base="SerialNumber" access="readOnly">
        <description action="replace">Identifier of the particular device that is unique for the indicated class of product and manufacturer.
This value MUST remain fixed over the lifetime of the device, including across firmware updates. Any change would indicate that it's  a new device and would therefore require a BOOTSTRAP Inform.</description>
      </parameter>
    </object>

    <!-- extends non-transient objects with Alias parameter -->
    <object base="InternetGatewayDevice.DeviceInfo.VendorConfigFile.{i}." access="readOnly" numEntriesParameter="VendorConfigFileNumberOfEntries" minEntries="0" maxEntries="unbounded">
      <uniqueKey functional="false">
        <parameter ref="Alias"/>
      </uniqueKey>
      <parameter name="Alias" access="readWrite" activeNotify="canDeny" dmr:previousParameter="">
        <description>{{datatype|expand}}</description>
        <syntax>
          <dataType ref="Alias"/>
        </syntax>
      </parameter>
    </object>

    <object base="InternetGatewayDevice.Layer3Forwarding.Forwarding.{i}." access="readWrite" numEntriesParameter="ForwardNumberOfEntries" enableParameter="Enable" minEntries="0" maxEntries="unbounded">
      <uniqueKey functional="false">
        <parameter ref="Alias"/>
      </uniqueKey>
      <parameter name="Alias" access="readWrite" activeNotify="canDeny" dmr:previousParameter="Status">
        <description>{{datatype|expand}}
This parameter can only be modified if {{param|StaticRoute}} is {{true}}</description>
        <syntax>
          <dataType ref="Alias"/>
        </syntax>
      </parameter>
    </object>

    <object base="InternetGatewayDevice.Layer2Bridging.Bridge.{i}." access="readWrite" numEntriesParameter="BridgeNumberOfEntries" enableParameter="BridgeEnable" minEntries="0" maxEntries="unbounded">
      <uniqueKey functional="false">
        <parameter ref="Alias"/>
      </uniqueKey>
      <parameter name="Alias" access="readWrite" activeNotify="canDeny" dmr:previousParameter="">
        <description>{{datatype|expand}}</description>
        <syntax>
          <dataType ref="Alias"/>
        </syntax>
      </parameter>
    </object>

    <object base="InternetGatewayDevice.Layer2Bridging.Bridge.{i}.Port.{i}." access="readWrite" numEntriesParameter="PortNumberOfEntries" enableParameter="PortEnable" minEntries="0" maxEntries="unbounded">
      <uniqueKey functional="false">
        <parameter ref="Alias"/>
      </uniqueKey>
      <parameter name="Alias" access="readWrite" activeNotify="canDeny" dmr:previousParameter="PortEnable">
        <description>{{datatype|expand}}</description>
        <syntax>
          <dataType ref="Alias"/>
        </syntax>
      </parameter>
    </object>

    <object base="InternetGatewayDevice.Layer2Bridging.Bridge.{i}.VLAN.{i}." access="readWrite" numEntriesParameter="VLANNumberOfEntries" enableParameter="VLANEnable" minEntries="0" maxEntries="unbounded">    	
      <uniqueKey functional="false">
        <parameter ref="Alias"/>
      </uniqueKey>
      <parameter name="Alias" access="readWrite" activeNotify="canDeny" dmr:previousParameter="VLANEnable">
        <description>{{datatype|expand}}</description>
        <syntax>
          <dataType ref="Alias"/>
        </syntax>
      </parameter>
    </object>

    <object base="InternetGatewayDevice.Layer2Bridging.Filter.{i}." access="readWrite" numEntriesParameter="FilterNumberOfEntries" enableParameter="FilterEnable" minEntries="0" maxEntries="unbounded">
      <uniqueKey functional="false">
        <parameter ref="Alias"/>
      </uniqueKey>
      <parameter name="Alias" access="readWrite" activeNotify="canDeny" dmr:previousParameter="">
        <description>{{datatype|expand}}</description>
        <syntax>
          <dataType ref="Alias"/>
        </syntax>
      </parameter>
    </object>

    <object base="InternetGatewayDevice.Layer2Bridging.Marking.{i}." access="readWrite" numEntriesParameter="MarkingNumberOfEntries" enableParameter="MarkingEnable" minEntries="0" maxEntries="unbounded">
      <uniqueKey functional="false">
        <parameter ref="Alias"/>
      </uniqueKey>
      <parameter name="Alias" access="readWrite" activeNotify="canDeny" dmr:previousParameter="">
        <description>{{datatype|expand}}</description>
        <syntax>
          <dataType ref="Alias"/>
        </syntax>
      </parameter>
    </object>

    <object base="InternetGatewayDevice.Layer2Bridging.AvailableInterface.{i}." access="readOnly" numEntriesParameter="AvailableInterfaceNumberOfEntries" minEntries="0" maxEntries="unbounded">
      <uniqueKey functional="false">
        <parameter ref="Alias"/>
      </uniqueKey>
      <parameter name="Alias" access="readWrite" activeNotify="canDeny" dmr:previousParameter="">
        <description>{{datatype|expand}}</description>
        <syntax>
          <dataType ref="Alias"/>
        </syntax>
      </parameter>
    </object>

    <object base="InternetGatewayDevice.QueueManagement.Classification.{i}." access="readWrite" numEntriesParameter="ClassificationNumberOfEntries" enableParameter="ClassificationEnable" minEntries="0" maxEntries="unbounded">
      <uniqueKey functional="false">
        <parameter ref="Alias"/>
      </uniqueKey>
      <parameter name="Alias" access="readWrite" activeNotify="canDeny" dmr:previousParameter="ClassificationStatus">
        <description>{{datatype|expand}}</description>
        <syntax>
          <dataType ref="Alias"/>
        </syntax>
      </parameter>
    </object>

    <object base="InternetGatewayDevice.QueueManagement.App.{i}." access="readWrite" numEntriesParameter="AppNumberOfEntries" enableParameter="AppEnable" minEntries="0" maxEntries="unbounded">
      <uniqueKey functional="false">
        <parameter ref="Alias"/>
      </uniqueKey>
      <parameter name="Alias" access="readWrite" activeNotify="canDeny" dmr:previousParameter="AppStatus">
        <description>{{datatype|expand}}</description>
        <syntax>
          <dataType ref="Alias"/>
        </syntax>
      </parameter>
    </object>

    <object base="InternetGatewayDevice.QueueManagement.Flow.{i}." access="readWrite" numEntriesParameter="FlowNumberOfEntries" enableParameter="FlowEnable" minEntries="0" maxEntries="unbounded">
      <uniqueKey functional="false">
        <parameter ref="Alias"/>
      </uniqueKey>
      <parameter name="Alias" access="readWrite" activeNotify="canDeny" dmr:previousParameter="FlowStatus">
        <description>{{datatype|expand}}</description>
        <syntax>
          <dataType ref="Alias"/>
        </syntax>
      </parameter>
    </object>

    <object base="InternetGatewayDevice.QueueManagement.Policer.{i}." access="readWrite" numEntriesParameter="PolicerNumberOfEntries" enableParameter="PolicerEnable" minEntries="0" maxEntries="unbounded">
      <uniqueKey functional="false">
        <parameter ref="Alias"/>
      </uniqueKey>
      <parameter name="Alias" access="readWrite" activeNotify="canDeny" dmr:previousParameter="PolicerStatus">
        <description>{{datatype|expand}}</description>
        <syntax>
          <dataType ref="Alias"/>
        </syntax>
      </parameter>
    </object>

    <object base="InternetGatewayDevice.QueueManagement.Queue.{i}." access="readWrite" numEntriesParameter="QueueNumberOfEntries" enableParameter="QueueEnable" minEntries="0" maxEntries="unbounded">
      <uniqueKey functional="false">
        <parameter ref="Alias"/>
      </uniqueKey>
      <parameter name="Alias" access="readWrite" activeNotify="canDeny" dmr:previousParameter="QueueStatus">
        <description>{{datatype|expand}}</description>
        <syntax>
          <dataType ref="Alias"/>
        </syntax>
      </parameter>
    </object>

    <object base="InternetGatewayDevice.QueueManagement.QueueStats.{i}." access="readWrite" numEntriesParameter="QueueStatsNumberOfEntries" enableParameter="Enable" minEntries="0" maxEntries="unbounded">
      <uniqueKey functional="false">
        <parameter ref="Alias"/>
      </uniqueKey>
      <parameter name="Alias" access="readWrite" activeNotify="canDeny" dmr:previousParameter="Status">
        <description>{{datatype|expand}}</description>
        <syntax>
          <dataType ref="Alias"/>
        </syntax>
      </parameter>
    </object>

    <object base="InternetGatewayDevice.LANDevice.{i}." access="readWrite" numEntriesParameter="LANDeviceNumberOfEntries" minEntries="0" maxEntries="unbounded">
      <uniqueKey functional="false">
        <parameter ref="Alias"/>
      </uniqueKey>
      <parameter name="Alias" access="readWrite" activeNotify="canDeny" dmr:previousParameter="">
        <description>{{datatype|expand}}</description>
        <syntax>
          <dataType ref="Alias"/>
        </syntax>
      </parameter>
    </object>

    <object base="InternetGatewayDevice.LANDevice.{i}.LANHostConfigManagement.IPInterface.{i}." access="readWrite" numEntriesParameter="IPInterfaceNumberOfEntries" enableParameter="Enable" minEntries="0" maxEntries="unbounded">
      <uniqueKey functional="false">
        <parameter ref="Alias"/>
      </uniqueKey>
      <parameter name="Alias" access="readWrite" activeNotify="canDeny" dmr:previousParameter="Enable">
        <description>{{datatype|expand}}</description>
        <syntax>
          <dataType ref="Alias"/>
        </syntax>
      </parameter>
    </object>

    <object base="InternetGatewayDevice.LANDevice.{i}.LANHostConfigManagement.DHCPStaticAddress.{i}." access="readWrite" numEntriesParameter="DHCPStaticAddressNumberOfEntries" enableParameter="Enable" minEntries="0" maxEntries="unbounded">
      <uniqueKey functional="false">
        <parameter ref="Alias"/>
      </uniqueKey>
      <parameter name="Alias" access="readWrite" activeNotify="canDeny" dmr:previousParameter="Enable">
        <description>{{datatype|expand}}</description>
        <syntax>
          <dataType ref="Alias"/>
        </syntax>
      </parameter>
    </object>

    <object base="InternetGatewayDevice.LANDevice.{i}.LANHostConfigManagement.DHCPOption.{i}." access="readWrite" numEntriesParameter="DHCPOptionNumberOfEntries" enableParameter="Enable" minEntries="0" maxEntries="unbounded">
      <uniqueKey functional="false">
        <parameter ref="Alias"/>
      </uniqueKey>
      <parameter name="Alias" access="readWrite" activeNotify="canDeny" dmr:previousParameter="Enable">
        <description>{{datatype|expand}}</description>
        <syntax>
          <dataType ref="Alias"/>
        </syntax>
      </parameter>
    </object>

    <object base="InternetGatewayDevice.LANDevice.{i}.LANHostConfigManagement.DHCPConditionalServingPool.{i}." access="readWrite" numEntriesParameter="DHCPConditionalPoolNumberOfEntries" enableParameter="Enable" minEntries="0" maxEntries="unbounded">
      <uniqueKey functional="false">
        <parameter ref="Alias"/>
      </uniqueKey>
      <parameter name="Alias" access="readWrite" activeNotify="canDeny" dmr:previousParameter="Enable">
        <description>{{datatype|expand}}</description>
        <syntax>
          <dataType ref="Alias"/>
        </syntax>
      </parameter>
    </object>

    <object base="InternetGatewayDevice.LANDevice.{i}.LANHostConfigManagement.DHCPConditionalServingPool.{i}.DHCPStaticAddress.{i}." access="readWrite" numEntriesParameter="DHCPStaticAddressNumberOfEntries" enableParameter="Enable" minEntries="0" maxEntries="unbounded">
      <uniqueKey functional="false">
        <parameter ref="Alias"/>
      </uniqueKey>
      <parameter name="Alias" access="readWrite" activeNotify="canDeny" dmr:previousParameter="Enable">
        <description>{{datatype|expand}}</description>
        <syntax>
          <dataType ref="Alias"/>
        </syntax>
      </parameter>
    </object>

    <object base="InternetGatewayDevice.LANDevice.{i}.LANHostConfigManagement.DHCPConditionalServingPool.{i}.DHCPOption.{i}." access="readWrite" numEntriesParameter="DHCPOptionNumberOfEntries" enableParameter="Enable" minEntries="0" maxEntries="unbounded">
      <uniqueKey functional="false">
        <parameter ref="Alias"/>
      </uniqueKey>
      <parameter name="Alias" access="readWrite" activeNotify="canDeny" dmr:previousParameter="Enable">
        <description>{{datatype|expand}}</description>
        <syntax>
          <dataType ref="Alias"/>
        </syntax>
      </parameter>
    </object>

    <object base="InternetGatewayDevice.LANDevice.{i}.LANEthernetInterfaceConfig.{i}." access="readOnly" numEntriesParameter="LANEthernetInterfaceNumberOfEntries" minEntries="0" maxEntries="unbounded">
      <uniqueKey functional="false">
        <parameter ref="Alias"/>
      </uniqueKey>
      <parameter name="Alias" access="readWrite" activeNotify="canDeny" dmr:previousParameter="Status">
        <description>{{datatype|expand}}</description>
        <syntax>
          <dataType ref="Alias"/>
        </syntax>
      </parameter>
    </object>

    <object base="InternetGatewayDevice.LANDevice.{i}.LANUSBInterfaceConfig.{i}." access="readOnly" numEntriesParameter="LANUSBInterfaceNumberOfEntries" minEntries="0" maxEntries="unbounded">
      <uniqueKey functional="false">
        <parameter ref="Alias"/>
      </uniqueKey>
      <parameter name="Alias" access="readWrite" activeNotify="canDeny" dmr:previousParameter="Status">
        <description>{{datatype|expand}}</description>
        <syntax>
          <dataType ref="Alias"/>
        </syntax>
      </parameter>
    </object>

    <object base="InternetGatewayDevice.LANDevice.{i}.WLANConfiguration.{i}." access="readOnly" numEntriesParameter="LANWLANConfigurationNumberOfEntries" minEntries="0" maxEntries="unbounded">
      <uniqueKey functional="false">
        <parameter ref="Alias"/>
      </uniqueKey>
      <parameter name="Alias" access="readWrite" activeNotify="canDeny" dmr:previousParameter="Status">
        <description>{{datatype|expand}}</description>
        <syntax>
          <dataType ref="Alias"/>
        </syntax>
      </parameter>
    </object>

    <object base="InternetGatewayDevice.LANDevice.{i}.WLANConfiguration.{i}.WPS.Registrar.{i}." access="readOnly" numEntriesParameter="RegistrarNumberOfEntries" minEntries="0" maxEntries="unbounded">
      <uniqueKey functional="false">
        <parameter ref="Alias"/>
      </uniqueKey>
      <parameter name="Alias" access="readWrite" activeNotify="canDeny" dmr:previousParameter="Enable">
        <description>{{datatype|expand}}</description>
        <syntax>
          <dataType ref="Alias"/>
        </syntax>
      </parameter>
    </object>

    <object base="InternetGatewayDevice.LANDevice.{i}.WLANConfiguration.{i}.WEPKey.{i}." access="readOnly" minEntries="4" maxEntries="4">
      <uniqueKey functional="false">
        <parameter ref="Alias"/>
      </uniqueKey>
      <parameter name="Alias" access="readWrite" activeNotify="canDeny" dmr:previousParameter="">
        <description>{{datatype|expand}}</description>
        <syntax>
          <dataType ref="Alias"/>
        </syntax>
      </parameter>
    </object>

    <object base="InternetGatewayDevice.LANDevice.{i}.WLANConfiguration.{i}.PreSharedKey.{i}." access="readOnly" minEntries="10" maxEntries="10">
      <uniqueKey functional="false">
        <parameter ref="Alias"/>
      </uniqueKey>
      <parameter name="Alias" access="readWrite" activeNotify="canDeny" dmr:previousParameter="">
        <description>{{datatype|expand}}</description>
        <syntax>
          <dataType ref="Alias"/>
        </syntax>
      </parameter>
    </object>

    <object base="InternetGatewayDevice.LANDevice.{i}.WLANConfiguration.{i}.APWMMParameter.{i}." access="readOnly" minEntries="4" maxEntries="4">
      <uniqueKey functional="false">
        <parameter ref="Alias"/>
      </uniqueKey>
      <parameter name="Alias" access="readWrite" activeNotify="canDeny" dmr:previousParameter="">
        <description>{{datatype|expand}}</description>
        <syntax>
          <dataType ref="Alias"/>
        </syntax>
      </parameter>
    </object>

    <object base="InternetGatewayDevice.LANDevice.{i}.WLANConfiguration.{i}.STAWMMParameter.{i}." access="readOnly" minEntries="4" maxEntries="4">
      <uniqueKey functional="false">
        <parameter ref="Alias"/>
      </uniqueKey>
      <parameter name="Alias" access="readWrite" activeNotify="canDeny" dmr:previousParameter="">
        <description>{{datatype|expand}}</description>
        <syntax>
          <dataType ref="Alias"/>
        </syntax>
      </parameter>
    </object>

    <object base="InternetGatewayDevice.LANInterfaces.LANEthernetInterfaceConfig.{i}." access="readOnly" numEntriesParameter="LANEthernetInterfaceNumberOfEntries" minEntries="0" maxEntries="unbounded">
      <uniqueKey functional="false">
        <parameter ref="Alias"/>
      </uniqueKey>
      <parameter name="Alias" access="readWrite" activeNotify="canDeny" dmr:previousParameter="">
        <description>{{datatype|expand}}</description>
        <syntax>
          <dataType ref="Alias"/>
        </syntax>
      </parameter>
    </object>

    <object base="InternetGatewayDevice.LANInterfaces.LANUSBInterfaceConfig.{i}." access="readOnly" numEntriesParameter="LANUSBInterfaceNumberOfEntries" minEntries="0" maxEntries="unbounded">
      <uniqueKey functional="false">
        <parameter ref="Alias"/>
      </uniqueKey>
      <parameter name="Alias" access="readWrite" activeNotify="canDeny" dmr:previousParameter="">
        <description>{{datatype|expand}}</description>
        <syntax>
          <dataType ref="Alias"/>
        </syntax>
      </parameter>
    </object>

    <object base="InternetGatewayDevice.LANInterfaces.WLANConfiguration.{i}." access="readOnly" numEntriesParameter="LANWLANConfigurationNumberOfEntries" minEntries="0" maxEntries="unbounded">
      <uniqueKey functional="false">
        <parameter ref="Alias"/>
      </uniqueKey>
      <parameter name="Alias" access="readWrite" activeNotify="canDeny" dmr:previousParameter="">
        <description>{{datatype|expand}}</description>
        <syntax>
          <dataType ref="Alias"/>
        </syntax>
      </parameter>
    </object>

    <object base="InternetGatewayDevice.WANDevice.{i}." access="readOnly" numEntriesParameter="WANDeviceNumberOfEntries" minEntries="0" maxEntries="unbounded">
      <uniqueKey functional="false">
        <parameter ref="Alias"/>
      </uniqueKey>
      <parameter name="Alias" access="readWrite" activeNotify="canDeny" dmr:previousParameter="">
        <description>{{datatype|expand}}</description>
        <syntax>
          <dataType ref="Alias"/>
        </syntax>
      </parameter>
    </object>

    <object base="InternetGatewayDevice.WANDevice.{i}.WANCommonInterfaceConfig.Connection.{i}." access="readOnly" numEntriesParameter="NumberOfActiveConnections" minEntries="0" maxEntries="unbounded">
      <uniqueKey functional="false">
        <parameter ref="Alias"/>
      </uniqueKey>
      <parameter name="Alias" access="readWrite" activeNotify="canDeny" dmr:previousParameter="">
        <description>{{datatype|expand}}</description>
        <syntax>
          <dataType ref="Alias"/>
        </syntax>
      </parameter>
    </object>

    <object base="InternetGatewayDevice.WANDevice.{i}.WANConnectionDevice.{i}." access="readWrite" numEntriesParameter="WANConnectionNumberOfEntries" minEntries="0" maxEntries="unbounded">
      <uniqueKey functional="false">
        <parameter ref="Alias"/>
      </uniqueKey>
      <parameter name="Alias" access="readWrite" activeNotify="canDeny" dmr:previousParameter="">
        <description>{{datatype|expand}}</description>
        <syntax>
          <dataType ref="Alias"/>
        </syntax>
      </parameter>
    </object>

    <object base="InternetGatewayDevice.WANDevice.{i}.WANConnectionDevice.{i}.WANIPConnection.{i}." access="readWrite" numEntriesParameter="WANIPConnectionNumberOfEntries" enableParameter="Enable" minEntries="0" maxEntries="unbounded">
      <uniqueKey functional="false">
        <parameter ref="Alias"/>
      </uniqueKey>
      <parameter name="Alias" access="readWrite" activeNotify="canDeny" dmr:previousParameter="Enable">
        <description>{{datatype|expand}}</description>
        <syntax>
          <dataType ref="Alias"/>
        </syntax>
      </parameter>
    </object>

    <object base="InternetGatewayDevice.WANDevice.{i}.WANConnectionDevice.{i}.WANIPConnection.{i}.DHCPClient.SentDHCPOption.{i}." access="readWrite" numEntriesParameter="SentDHCPOptionNumberOfEntries" enableParameter="Enable" minEntries="0" maxEntries="unbounded">
      <uniqueKey functional="false">
        <parameter ref="Alias"/>
      </uniqueKey>
      <parameter name="Alias" access="readWrite" activeNotify="canDeny" dmr:previousParameter="Enable">
        <description>{{datatype|expand}}</description>
        <syntax>
          <dataType ref="Alias"/>
        </syntax>
      </parameter>
    </object>

    <object base="InternetGatewayDevice.WANDevice.{i}.WANConnectionDevice.{i}.WANIPConnection.{i}.DHCPClient.ReqDHCPOption.{i}." access="readWrite" numEntriesParameter="ReqDHCPOptionNumberOfEntries" enableParameter="Enable" minEntries="0" maxEntries="unbounded">
      <uniqueKey functional="false">
        <parameter ref="Alias"/>
      </uniqueKey>
      <parameter name="Alias" access="readWrite" activeNotify="canDeny" dmr:previousParameter="Enable">
        <description>{{datatype|expand}}</description>
        <syntax>
          <dataType ref="Alias"/>
        </syntax>
      </parameter>
    </object>

    <object base="InternetGatewayDevice.WANDevice.{i}.WANConnectionDevice.{i}.WANIPConnection.{i}.PortMapping.{i}." access="readWrite" numEntriesParameter="PortMappingNumberOfEntries" enableParameter="PortMappingEnabled" minEntries="0" maxEntries="unbounded">
      <uniqueKey functional="false">
        <parameter ref="Alias"/>
      </uniqueKey>
      <parameter name="Alias" access="readWrite" activeNotify="canDeny" dmr:previousParameter="PortMappingEnabled">
        <description>{{datatype|expand}}
Note: There is no guarantee that the {{param}} value on automatically-created {{object}} instances will be retained. This is because automatically-created {{object}} instances can be transitory.</description>
        <syntax>
          <dataType ref="Alias"/>
        </syntax>
      </parameter>
    </object>

    <object base="InternetGatewayDevice.WANDevice.{i}.WANConnectionDevice.{i}.WANPPPConnection.{i}." access="readWrite" numEntriesParameter="WANPPPConnectionNumberOfEntries" enableParameter="Enable" minEntries="0" maxEntries="unbounded">
      <uniqueKey functional="false">
        <parameter ref="Alias"/>
      </uniqueKey>
      <parameter name="Alias" access="readWrite" activeNotify="canDeny" dmr:previousParameter="Enable">
        <description>{{datatype|expand}}</description>
        <syntax>
          <dataType ref="Alias"/>
        </syntax>
      </parameter>
    </object>

    <object base="InternetGatewayDevice.WANDevice.{i}.WANConnectionDevice.{i}.WANPPPConnection.{i}.PortMapping.{i}." access="readWrite" numEntriesParameter="PortMappingNumberOfEntries" enableParameter="PortMappingEnabled" minEntries="0" maxEntries="unbounded">
      <uniqueKey functional="false">
        <parameter ref="Alias"/>
      </uniqueKey>
      <parameter name="Alias" access="readWrite" activeNotify="canDeny" dmr:previousParameter="PortMappingEnabled">
        <description>{{datatype|expand}}
Note: There is no guarantee that the {{param}} value on automatically-created {{object}} instances will be retained. This is because automatically-created {{object}} instances can be transitory.</description>
        <syntax>
          <dataType ref="Alias"/>
        </syntax>
      </parameter>
    </object>

    <!-- new parameters -->
    <object base="InternetGatewayDevice.ManagementServer." access="readOnly" minEntries="1" maxEntries="1">
      <parameter name="AliasBasedAddressing" access="readOnly" forcedInform="true" dmr:previousParameter="NATDetected">
        <description>Indicates whether or not the Alias-Based Addressing Mechanism is supported.
A {{true}} value indicates that the CPE supports the Alias-Based Addressing Mechanism, as defined in {{bibref|TR-069a4|3.6.1}} and described in {{bibref|TR-069a4|Appendix II}}.</description>
        <syntax>
          <boolean/>
        </syntax>
      </parameter>

      <parameter name="InstanceMode" access="readWrite">
        <description>Instance identification mode as defined in {{bibref|TR-069a4|3.6.1}}. When {{param|AliasBasedAddressing}} is {{true}}, {{param}} is used by the ACS to control whether the CPE will use Instance Numbers or Instance Aliases in returned Path Names.  {{enum}} 
This parameter is REQUIRED for any CPE supporting Alias-Based Addressing.
        </description>
        <syntax>
          <string>
            <enumeration value="InstanceNumber"/>
            <enumeration value="InstanceAlias"/>
          </string>
          <default type="factory" value="InstanceNumber"/>
        </syntax>
      </parameter>

      <parameter name="AutoCreateInstances" access="readWrite">
        <description>Enable or disable the Auto-Create Instance Mechanism. When {{param|AliasBasedAddressing}} is {{true}}, {{param}} indicates whether or not the CPE will automatically create instances while processing a SetParameterValues RPC (as defined in {{bibref|TR-069a4|A.3.2.1}}).
*A {{true}} value indicates that the CPE will perform auto-creation of instances when the Alias-Based Addressing Mechanism is used in SetParameterValues RPC.
*A {{false}} value indicates that the CPE will not create new object instances. Instead, it will reject the setting of parameters in unrecognized instances and respond with a fault code.
This parameter is REQUIRED for any CPE supporting Alias-Based Addressing.
        </description>
        <syntax>
          <boolean/>
          <default type="factory" value="false"/>
        </syntax>
      </parameter>

      <parameter name="CWMPRetryMinimumWaitInterval" access="readWrite">
        <description>Configures the first session retry wait interval, in seconds, as specified in {{bibref|TR-069a2|Section 3.2.1.1}}.
A value of 5 corresponds to the default behavior that is described in {{bibref|TR-069a2}}.
The device MUST use a random value between {{param}}  and ({{param}} * {{param|CWMPRetryIntervalMultiplier}} / 1000) as the first retry wait interval.  Other values in the retry pattern MUST be calculated using this value as a starting point.</description>
        <syntax>
          <unsignedInt>
            <range minInclusive="1" maxInclusive="65535"/>
            <units value="seconds"/> 
          </unsignedInt>
        </syntax>
      </parameter>
      
      <parameter name="CWMPRetryIntervalMultiplier" access="readWrite">
        <description>Configures the retry interval multiplier as specified in {{bibref|TR-069a2|Section 3.2.1.1}}.
This value is expressed in units of 0.001.  Hence the values of the multiplier range between 1.000 and 65.535.
A value of 2000 corresponds to the default behavior that is described in {{bibref|TR-069a2}}.
The device MUST use a random value between {{param|CWMPRetryMinimumWaitInterval}}  and ({{param|CWMPRetryMinimumWaitInterval}} * {{param}} / 1000) as the first retry wait interval.  Other values in the retry pattern MUST be calculated using this value as a starting point.</description>
        <syntax>
          <unsignedInt>
            <range minInclusive="1000" maxInclusive="65535"/>
          </unsignedInt>
        </syntax>
      </parameter>
    </object>

  </model>

</dm:document>
