<?xml version="1.0" encoding="UTF-8"?>
<!--
    Component Objects for CWMP
    
    Notice:
    
    The Broadband Forum is a non-profit corporation organized to create
    guidelines for broadband network system development and deployment.
    This Broadband Forum Document has been approved by members of the
    Forum. This Broadband Forum Document is not binding on the Broadband
    Forum, any of its members, or any developer or service provider.
    This Broadband Forum Document is subject to change, but only with
    approval of members of the Forum.  This Document is copyrighted by
    the Broadband Forum, and all rights are reserved.  Portions of this
    Document may be copyrighted by Broadband Forum members.
    
    This Broadband Forum Document is provided AS IS, WITH ALL FAULTS.
    ANY PERSON HOLDING A COPYRIGHT IN THIS BROADBAND FORUM DOCUMENT,
    OR ANY PORTION THEREOF, DISCLAIMS TO THE FULLEST EXTENT PERMITTED
    BY LAW ANY REPRESENTATION OR WARRANTY, EXPRESS OR IMPLIED,
    INCLUDING, BUT NOT LIMITED TO, ANY WARRANTY: 
    
    (a) OF ACCURACY, COMPLETENESS, MERCHANTABILITY, FITNESS FOR A
        PARTICULAR PURPOSE, NON-INFRINGEMENT, OR TITLE;
    (b) THAT THE CONTENTS OF THIS BROADBAND FORUM DOCUMENT ARE SUITABLE
        FOR ANY PURPOSE, EVEN IF THAT PURPOSE IS KNOWN TO THE COPYRIGHT
        HOLDER;
    (c) THAT THE IMPLEMENTATION OF THE CONTENTS OF THE DOCUMENT WILL NOT
        INFRINGE ANY THIRD PARTY PATENTS, COPYRIGHTS, TRADEMARKS OR
        OTHER RIGHTS.
    
    By using this Broadband Forum Document, users acknowledge that
    implementation may require licenses to patents.  The Broadband Forum
    encourages but does not require its members to identify such
    patents.  For a list of declarations made by Broadband Forum member
    companies, please see http://www.broadband-forum.org.  No assurance
    is given that licenses to patents necessary to implement this
    Document will be available for license at all or on reasonable and
    non-discriminatory terms.
    
    ANY PERSON HOLDING A COPYRIGHT IN THIS BROADBAND FORUM DOCUMENT, OR
    ANY PORTION THEREOF, DISCLAIMS TO THE FULLEST EXTENT PERMITTED BY
    LAW (A) ANY LIABILITY (INCLUDING DIRECT, INDIRECT, SPECIAL, OR
    CONSEQUENTIAL DAMAGES UNDER ANY LEGAL THEORY) ARISING FROM OR
    RELATED TO THE USE OF OR RELIANCE UPON THIS DOCUMENT; AND (B) ANY
    OBLIGATION TO UPDATE OR CORRECT THIS DOCUMENT.
    
    Broadband Forum Documents may be copied, downloaded, stored on a
    server or otherwise re-distributed in their entirety only, and may
    not be modified without the advance written permission of the
    Broadband Forum.
    
    The text of this notice must be included in all copies of this
    Broadband Forum Document.
    
    Summary:
    This document defines objects for use in CWMP managed devices.  The objects
    may exist at the top level of a hierarchy, or in some cases within an 
    existing object.  The objects are intended for use in all CWMP Root 
    objects. The objects define varying functionality, diagnostics, etc. that 
    are agnostic to the type of device.
    
    Version History:
    * March 2009: tr-157-1-0-0.xml, corresponds to TR-157 Issue 1, Section 4 
          (Data Model Definition) and Section 5 (Profile Definition).
    * September 2009: tr-157-1-1-0.xml, corresponds to TR-157 Issue 1 
          Amendment 1, Section 4 (Data Model Definition) and Section 5 (Profile 
          Definition).
    * May 2010: tr-157-1-2-0.xml, corresponds to TR-157 Issue 1 Amendment 2.
    * December 2010: tr-157-1-3-0.xml, corresponds to TR-157 Issue 1 Amendment 3.
    * September 2011: tr-157-1-4-0.xml, updates for Alias-Based Addressing and 
          Proxy Management
    * December 2011: tr-157-1-5-0.xml, updates related to 3GPP LTE and 3GPP2 
          cdma2000 (TR-196 Issue 2)
    * May 2012: tr-157-1-6-0.xml, updates for Bulk Data Collection (TR-232)
-->

<dm:document xmlns:dm="urn:broadband-forum-org:cwmp:datamodel-1-4"
             xmlns:dmr="urn:broadband-forum-org:cwmp:datamodel-report-0-1"
             xmlns:xsi="http://www.w3.org/2001/XMLSchema-instance"
             xsi:schemaLocation="urn:broadband-forum-org:cwmp:datamodel-1-4 
                                   http://www.broadband-forum.org/cwmp/cwmp-datamodel-1-4.xsd
                                 urn:broadband-forum-org:cwmp:datamodel-report-0-1 
                                   http://www.broadband-forum.org/cwmp/cwmp-datamodel-report.xsd" 
             spec="urn:broadband-forum-org:tr-157-1-6-0" file="tr-157-1-6-0.xml">
    
    <description>
        TR-157 Amendment 6 (define BulkDataCollection component)
    </description>
    
    
    <import file="tr-106-1-0-types.xml" spec="urn:broadband-forum-org:tr-106-1-0">
        <dataType name="Alias"/>
    </import>
        
    <import file="tr-157-1-5.xml" spec="urn:broadband-forum-org:tr-157-1-5">
        <component name="DI_Processors"/>
        <component name="DI_MemoryStatus"/>
        <component name="DI_ProcessStatus"/>
        <component name="DI_TemperatureStatus"/>
        <component name="DI_NetworkProperties"/>
        <component name="DI_SupportedDataModel"/>
        <component name="DI_VendorLogFiles"/>
        <component name="MS_DUStateChangeCompletePolicy"/>
        <component name="MS_AutonomousTransferCompletePolicy"/>
        <component name="UI_RemoteAccess"/>
        <component name="UI_LocalDisplay"/>
        <component name="User"/>
        <component name="UPnP"/>
        <component name="DLNACapabilities"/>
        <component name="SmartCardReader"/>
        <component name="SelfTestDiag"/>
        <component name="NSLookupDiag"/>
        <component name="SimpleFirewall"/>
        <component name="USBHosts"/>
        <component name="USBHosts_Device2"/>
        <component name="PeriodicStatistics"/>
        <component name="DownloadAvailability"/>
        <component name="SoftwareModules"/>
        <component name="DI_Location"/>
        <component name="FaultManagement"/>
        <component name="Security"/>
    </import>
    
    
    <bibliography>
        <reference id="TR-232">
            <name>TR-232</name>
            <title>Bulk Data Collection</title>
            <organization>BBF</organization>
            <category>TR</category>
            <date>May 2012</date>
        </reference>
        <reference id="IPDR-FTP">
            <name>IPDR File Transfer Protocol</name>
            <title>IPDR/File Transfer Protocol</title>
            <organization>TM Forum</organization>
            <hyperlink>http://www.ipdr.org/public/</hyperlink>
        </reference>
        <reference id="IPDR-SP">
            <name>IPDR Streaming Protocol</name>
            <title>IPDR Streaming Protocol (IPDR/SP) Specification</title>
            <organization>TM Forum</organization>
            <hyperlink>http://www.ipdr.org/public/</hyperlink>
        </reference>
        <reference id="IPDR-XML">
            <name>IPDR XML File Encoding Format</name>
            <title>IPDR/XML File Encoding Format</title>
            <organization>TM Forum</organization>
            <hyperlink>http://www.ipdr.org/public/</hyperlink>
        </reference>
        <reference id="IPDR-XDR">
            <name>IPDR XDR Encoding Format</name>
            <title>IPDR/XDR Encoding Format</title>
            <organization>TM Forum</organization>
            <hyperlink>http://www.ipdr.org/public/</hyperlink>
        </reference>
    </bibliography>
    
    
    <component name="BulkDataCollection">
        <object name="BulkData." access="readOnly" minEntries="1" maxEntries="1"> 
            <description>
                Bulk Data collection utilizes the IPDR solution to collect data from devices based on a service specification described in {{bibref|TR-232}}.
                Bulk Data Collection Profiles are measured over a reporting interval (which can be aligned with absolute time) and are made available to the collection server.
                This object provides bulk data collection capabilities and global collection settings that affect the entire device.
            </description>
            
            <parameter name="Enable" access="readWrite">
                <description>
                    Enables or disables all collection profiles.
                    If {{false}}, bulk data will not be collected or reported.
                </description>
                <syntax><boolean></boolean></syntax>
            </parameter>
            <parameter name="Status" access="readOnly">
                <description>
                    Indicates the status of the Bulk Data Collection mechanism.
                </description>
                <syntax>
                    <string>
                        <enumeration value="Enabled">
                            <description>Bulk Data Collection is enabled and working as intended.</description>
                        </enumeration>
                        <enumeration value="Disabled">
                            <description>Bulk Data Collection is disabled.</description>
                        </enumeration>
                        <enumeration value="Error" optional="true">
                            <description>Bulk Data Collection is enabled, but there is an error condition preventing the successful collection of bulk data.</description>
                        </enumeration>
                    </string>
                </syntax>
            </parameter>
            <parameter name="MinReportingInterval" access="readOnly">
                <description>
                    Minimum reporting interval in {{units}} that the CPE is capable of supporting.
                    A value of 0 indicates no minimum reporting interval.
                </description>
                <syntax>
                    <unsignedInt>
                        <units value="seconds"/>
                    </unsignedInt>
                </syntax>
            </parameter>
            <parameter name="Protocols" access="readOnly">
                <description>
                    Represents the IPDR Protocols that this device is capable of supporting.
                </description>
                <syntax>
                    <list></list>
                    <string>
                        <enumeration value="Streaming">
                            <description>IPDR Streaming Protocol {{bibref|IPDR-SP}}</description>
                        </enumeration>
                        <enumeration value="File">
                            <description>IPDR File Transfer Protocol {{bibref|IPDR-FTP}}</description>
                        </enumeration>
                    </string>
                </syntax>
            </parameter>
            <parameter name="EncodingTypes" access="readOnly">
                <description>Represents the IPDR Encoding Types that this device is capable of supporting.</description>
                <syntax>
                    <list></list>
                    <string>
                        <enumeration value="XML">
                            <description>{{bibref|IPDR-XML}}</description>
                        </enumeration>
                        <enumeration value="XDR">
                            <description>{{bibref|IPDR-XDR}}</description>
                        </enumeration>
                    </string>
                </syntax>
            </parameter>
            <parameter name="MaxNumberOfProfiles" access="readOnly">
                <description>
                    The maximum number of profiles that can exist at any given time.  Specifically, the maximum number of {{object|Profile.{i}.}} instances that the ACS can create.
                    If the value of this parameter is -1, then it means that the CPE doesn't have a limit to the number of profiles that can exist.
                </description>
                <syntax>
                    <int>
                        <range minInclusive="-1"></range>
                    </int>
                </syntax>
            </parameter>
            <parameter name="MaxNumberOfParameterReferences" access="readOnly">
                <description>
                    The maximum number of parameters that can be referenced via the bulk data collection mechanism.  Specifically, the maximum number of parameters that can be referenced via {{param|Profile.{i}.Parameter.{i}.Reference}} across all Profile and Parameter instances (including the expansion of partial paths within the Reference parameter).
                    If the value of this parameter is -1, then it means that the CPE doesn't have a limit to the number of parameter that can be referenced via the bulk data collection mechanism.
                </description>
                <syntax>
                    <int>
                        <range minInclusive="-1"></range>
                    </int>
                </syntax>
            </parameter>
            <parameter name="ProfileNumberOfEntries" access="readOnly">
                <description>{{numentries}}</description>
                <syntax><unsignedInt></unsignedInt></syntax>
            </parameter>
        </object>
        
        <object name="BulkData.Profile.{i}." access="readWrite" 
                numEntriesParameter="ProfileNumberOfEntries" enableParameter="Enable" 
                minEntries="0" maxEntries="unbounded">
            <description>
                A set of Bulk Data Collection profiles.  
                Each profile represents a bulk data report, including its own timing configuration, communications configuration, and set of parameters.  This allows the ACS to configure multiple reports to be generated at different times for different sets of data.
            </description>
            <uniqueKey functional="false">
                <parameter ref="Alias"/>
            </uniqueKey>
            
            <parameter name="Enable" access="readWrite">
                <description>
                    Enables or disables this specific bulk data profile.
                    If {{false}}, this profile will not be collected or reported.
                </description>
                <syntax>
                    <boolean></boolean>
                    <default type="object" value="false"></default>
                </syntax>
            </parameter>
            <parameter name="Alias" access="readWrite">
                <description>{{datatype|expand}}</description>
                <syntax><dataType ref="Alias"></dataType></syntax>
            </parameter>
            <parameter name="Protocol" access="readWrite">
                <description>
                    The IPDR Protocol being used for this collection profile.
                </description>
                <syntax>
                    <string>
                        <enumerationRef targetParam="#.Protocols"></enumerationRef>
                    </string>
                </syntax>
            </parameter>
            <parameter name="EncodingType" access="readWrite">
                <description>The IPDR Encoding Type being used for this collection profile.</description>
                <syntax>
                    <string>
                        <enumerationRef targetParam="#.EncodingTypes"></enumerationRef>
                    </string>
                </syntax>
            </parameter>
            <parameter name="ReportingInterval" access="readWrite">
                <description>
                    The reporting interval in {{units}}. Each report is generated based on this interval and {{param|TimeReference}}.
                    The CPE MAY reject a request to set {{param}} to less than {{param|#.MinReportingInterval}}.
                    Reporting intervals MUST begin every {{param}} {{units}}.
                    If {{param}} is changed while collection is enabled, the first reporting interval begins immediately.
                    For example, if {{param}} is 86400 (a day) and if {{param|TimeReference}} is set to UTC midnight on some day (in the past, present, or future) then the CPE will generate (and transmit, if the {{param|Protocol}} parameter is set to {{enum|Streaming|#.Protocols}}) its report at midnight every 24 hours.
                </description>
                <syntax>
                    <unsignedInt>
                        <range minInclusive="1"/>
                        <units value="seconds"/>
                    </unsignedInt>
                    <default type="object" value="86400"></default>
                </syntax>
            </parameter>
            <parameter name="TimeReference" access="readWrite">
                <description>
                    An absolute time reference in UTC to determine when will be transmitted.  Each reporting interval MUST complete at this reference time plus or minus an integer multiple of {{param|ReportingInterval}}, unless unable to due to higher prioritized operations.
                    {{param}} is used only to set the "phase" of the reporting intervals.  The actual value of {{param}} can be arbitrarily far into the past or future.
                    If {{param}} is changed while collection of bulk data is enabled, the first reporting interval begins immediately.
                    The Unknown Time value as defined in {{bibref|TR-106a2}} indicates that no particular time reference is specified. That is, the CPE MAY locally choose the time reference, and is required only to adhere to the specified reporting intervals.
                    If absolute time is not available to the CPE, its reporting interval behavior MUST be the same as if the {{param}} parameter was set to the Unknown Time value.
                    For example, if {{param|ReportingInterval}} is 86400 (a day) and if {{param}} is set to UTC midnight on some day (in the past, present, or future) then the CPE will generate (and transmit, if in a "ITPush" mode) its report at midnight every 24 hours.
                    Note that, if {{param}} is set to a time other than the Unknown Time, the first reporting interval (which has to begin immediately) will almost certainly be shorter than {{param|ReportingInterval}}).  This is why {{param}} is defined in terms of when reporting intervals complete rather than start.
                </description>
                <syntax>
                    <dateTime></dateTime>
                    <default type="object" value="0001-01-01T00:00:00Z"></default>
                </syntax>
            </parameter>
            <parameter name="StreamingHost" access="readWrite">
                <description>
                    This is the host name or IP Address of the IPDR Collector to be used by the CPE to stream bulk data records if this collection profile is configured for the IPDR Streaming Protocol {{bibref|IPDR-SP}} (the {{param|Protocol}} parameter has a value of {{enum|Streaming|#.Protocols}}).
                </description>
                <syntax><string><size maxLength="256"/></string></syntax>
            </parameter>
            <parameter name="StreamingPort" access="readWrite">
                <description>
                    This is the port number of the IPDR Collector to be used by the CPE to stream bulk data records if this collection profile is configured for the IPDR Streaming Protocol {{bibref|IPDR-SP}} (the {{param|Protocol}} parameter has a value of {{enum|Streaming|#.Protocols}}).
                </description>
                <syntax>
                    <unsignedInt>
                        <range minInclusive="0" maxInclusive="65535"/>
                    </unsignedInt>
                    <default type="object" value="4737">
                        <description>This is the IANA default port for {{bibref|IPDR-SP}}</description>
                    </default>
                </syntax>
            </parameter>
            <parameter name="StreamingSessionID" access="readWrite">
                <description>
                    This is the unique identification of an IPDR Session to be used when this collection profile is configured for the IPDR Streaming Protocol {{bibref|IPDR-SP}} (the {{param|Protocol}} parameter has a value of {{enum|Streaming|#.Protocols}}).
                    An ACS MUST NOT configure multiple IPDR Streaming Protocol collection profiles with the same {{param}}.  Doing so MUST cause the CPE to fail the SetParameterValues.
                    Within the IPDR Streaming Protocol specification the Session ID has a type of a single 'char', but we are restricting the range even further (ASCII values of '0' - '9' and 'A' - 'Z'.
                </description>
                <syntax>
                    <unsignedInt>
                        <range minInclusive="48" maxInclusive="57">
                            <description>ASCII values of '0' - '9'</description>
                        </range>
                        <range minInclusive="65" maxInclusive="90">
                            <description>ASCII values of 'A' - 'Z'</description>
                        </range>
                    </unsignedInt>
                </syntax>
            </parameter>
            <parameter name="FileTransferURL" access="readWrite">
                <description>
                    This is the URL within the CPE that is used by an IPDR Collector to retrieve the IPDRDocs when this collection profile is configured for the IPDR File Transfer Protocol {{bibref|IPDR-FTP}} (the {{param|Protocol}} parameter has a value of {{enum|File|#.Protocols}}).
                </description>
                <syntax><string><size maxLength="256"></size></string></syntax>
            </parameter>
            <parameter name="FileTransferUsername" access="readWrite">
                <description>
                    Username used for authentication of the {{param|FileTransferURL}}.
                    This is the {{param}} that the IPDR Collector uses to access the CPE when this collection profile is configured for the IPDR File Transfer Protocol {{bibref|IPDR-FTP}} (the {{param|Protocol}} parameter has a value of {{enum|File|#.Protocols}}).
                </description>
                <syntax><string><size maxLength="64"></size></string></syntax>
            </parameter>
            <parameter name="FileTransferPassword" access="readWrite">
                <description>
                    Password used for authentication of the {{param|FileTransferURL}}.
                    This is the {{param}} that the IPDR Collector uses to access the CPE when this collection profile is configured for the IPDR File Transfer Protocol {{bibref|IPDR-FTP}} (the {{param|Protocol}} parameter has a value of {{enum|File|#.Protocols}}).
                </description>
                <syntax hidden="true">
                    <string><size maxLength="64"></size></string>
                </syntax>
            </parameter>
            <parameter name="ControlFileFormat" access="readWrite">
                <description>
                    If this collection profile is configured for the IPDR File Transfer Protocol {{bibref|IPDR-FTP}} (the {{param|Protocol}} parameter has a value of {{enum|File|#.Protocols}}) then the control file names will be of the following format:
                    : &lt;ControlFilePrefix&gt;_&lt;ControlFilePolicy&gt;.&lt;ControlFileSuffix&gt;
                    Where the following rules apply:
                    * ControlFilePrefix MUST NOT contain an underscore '_' or any other character not suitable for a file name.
                    * ControlFilePolicy MUST contain one or more ‘N’ characters, where the number of ‘N’ characters denotes the number of digits in the sequence number, including leading zeros as necessary to match the number of ‘N’ characters. 
                    * ControlFileSuffix is a file extension.  
                    For example, BulkData_NNNN.log where "BulkData" would be the prefix, "NNNN" would be the policy, and "log" would be the suffix.  Files adhering to this file format would look like: BulkData_0000.log, BulkData_0001.log, etc.
                </description>
                <syntax>
                    <string><size maxLength="128"></size></string>
                </syntax>
            </parameter>
            <parameter name="ParameterNumberOfEntries" access="readOnly">
                <description>{{numentries}}</description>
                <syntax><unsignedInt></unsignedInt></syntax>
            </parameter>
        </object>
        
        <object name="BulkData.Profile.{i}.Parameter.{i}."  access="readWrite"
                numEntriesParameter="ParameterNumberOfEntries" 
                minEntries="0" maxEntries="unbounded" dmr:noUniqueKeys="true">
            <description>
                Bulk data parameter table.
                Each entry in this table represents a parameter (or set of parameters if a partial path is provided) to be collected and reported.
            </description>
            
            <parameter name="Reference" access="readWrite">
                <description>
                    Represents the parameter(s) that are part of this Bulk Data collection profile.
                    In the case where a partial parameter path is specified all sub-objects and contained parameters will be part of the bulk data collected and reported.  If the path name refers to an object then it MUST end with a '.'.
                </description>
                <syntax>
                    <string>
                        <size maxLength="256"/>
                        <pathRef refType="weak" targetType="any"></pathRef>
                    </string>
                    <default type="object" value=""></default>
                </syntax>
            </parameter>
        </object>
        
        
        <profile name="BulkDataColl:1">
            <object ref="BulkData." requirement="present">
                <parameter ref="Enable" requirement="readWrite"></parameter>
                <parameter ref="Status" requirement="readOnly"></parameter>
                <parameter ref="MinReportingInterval" requirement="readOnly"></parameter>
                <parameter ref="Protocols" requirement="readOnly"></parameter>
                <parameter ref="EncodingTypes" requirement="readOnly"></parameter>
                <parameter ref="ProfileNumberOfEntries" requirement="readOnly"></parameter>
            </object>
            
            <object ref="BulkData.Profile.{i}." requirement="createDelete">
                <parameter ref="Enable" requirement="readWrite"></parameter>
                <parameter ref="Alias" requirement="readWrite"></parameter>
                <parameter ref="Protocol" requirement="readWrite"></parameter>
                <parameter ref="EncodingType" requirement="readWrite"></parameter>
                <parameter ref="ReportingInterval" requirement="readWrite"></parameter>
                <parameter ref="TimeReference" requirement="readWrite"></parameter>
                <parameter ref="ParameterNumberOfEntries" requirement="readOnly"></parameter>
            </object>
            
            <object ref="BulkData.Profile.{i}.Parameter.{i}." requirement="createDelete">
                <parameter ref="Reference" requirement="readWrite"></parameter>
            </object>
        </profile>
        
        <profile name="BulkDataStreaming:1" extends="BulkDataColl:1">
            <object ref="BulkData.Profile.{i}." requirement="createDelete">
                <parameter ref="StreamingHost" requirement="readWrite"></parameter>
                <parameter ref="StreamingPort" requirement="readWrite"></parameter>
                <parameter ref="StreamingSessionID" requirement="readWrite"></parameter>
            </object>
        </profile>
        
        <profile name="BulkDataFileTransfer:1" extends="BulkDataColl:1">
            <object ref="BulkData.Profile.{i}." requirement="createDelete">
                <parameter ref="FileTransferURL" requirement="readWrite"></parameter>
                <parameter ref="FileTransferUsername" requirement="readWrite"></parameter>
                <parameter ref="FileTransferPassword" requirement="readWrite"></parameter>
                <parameter ref="ControlFileFormat" requirement="readWrite"></parameter>
            </object>
        </profile>
    </component>
</dm:document>