<?xml version="1.0" encoding="UTF-8"?>
<!--
  TR-069 Device:1.11 Root Object definition
    
Notice:
The Broadband Forum is a non-profit corporation organized to create guidelines for broadband network system development and deployment. This Broadband Forum Technical Report has been approved by members of the Forum. This Broadband Forum Technical Report is not binding on the Broadband Forum, any of its members, or any developer or service provider. This Broadband Forum Technical Report is subject to change, but only with approval of members of the Forum.  This Technical Report is copyrighted by the Broadband Forum, and all rights are reserved.  Portions of this Technical Report may be copyrighted by Broadband Forum members.

This Broadband Forum Technical Report is provided AS IS, WITH ALL FAULTS. ANY PERSON HOLDING A COPYRIGHT IN THIS BROADBAND FORUM TECHNICAL REPORT, OR ANY PORTION THEREOF, DISCLAIMS TO THE FULLEST EXTENT PERMITTED BY LAW ANY REPRESENTATION OR WARRANTY, EXPRESS OR IMPLIED, INCLUDING, BUT NOT LIMITED TO, ANY WARRANTY: 

(A)	OF ACCURACY, COMPLETENESS, MERCHANTABILITY, FITNESS FOR A PARTICULAR PURPOSE, NON-INFRINGEMENT, OR TITLE;
(B)	THAT THE CONTENTS OF THIS BROADBAND FORUM TECHNICAL REPORT ARE SUITABLE FOR ANY PURPOSE, EVEN IF THAT PURPOSE IS KNOWN TO THE COPYRIGHT HOLDER;
(C)	THAT THE IMPLEMENTATION OF THE CONTENTS OF THE TECHNICAL REPORT WILL NOT INFRINGE ANY THIRD PARTY PATENTS, COPYRIGHTS, TRADEMARKS OR OTHER RIGHTS.

By using this Broadband Forum Technical Report, users acknowledge that implementation may require licenses to patents.  The Broadband Forum encourages but does not require its members to identify such patents. For a list of declarations made by Broadband Forum member companies, please see http://www.broadband-forum.org.  No assurance is given that licenses to patents necessary to implement this Technical Report will be available for license at all or on reasonable and non-discriminatory terms.

ANY PERSON HOLDING A COPYRIGHT IN THIS BROADBAND FORUM TECHNICAL REPORT, OR ANY PORTION THEREOF, DISCLAIMS TO THE FULLEST EXTENT PERMITTED BY LAW (A) ANY LIABILITY (INCLUDING DIRECT, INDIRECT, SPECIAL, OR CONSEQUENTIAL DAMAGES UNDER ANY LEGAL THEORY) ARISING FROM OR RELATED TO THE USE OF OR RELIANCE UPON THIS TECHNICAL REPORT; AND (B) ANY OBLIGATION TO UPDATE OR CORRECT THIS TECHNICAL REPORT.

Broadband Forum Technical Reports may be copied, downloaded, stored on a server or otherwise re-distributed in their entirety only, and may not be modified without the advance written permission of the Broadband Forum.

The text of this notice must be included in all copies of this Broadband Forum Technical Report.

    Summary:
    This document defines objects for use in CWMP managed devices.  The objects
    may exist at the top level of a hierarchy, or in some cases within an 
    existing object.  The objects are intended for use in all CWMP Root 
    objects. The objects define varying functionality, diagnostics, etc. that 
    are agnostic to the type of device.
    
    Issue History:
    February 2010: tr-181-1-0-0.xml: corresponds to TR-181 Issue 1.
        * DeviceInfo: clarified DeviceID and added VendorConfigFile.{i}
        * ManagementServer: added EnableCWMP, DefaultActiveNotification-
            Throttle, CWMPRetryMinimumWaitInterval and 
            CWMPRetryIntervalMultiplier
        * Time: added Enable and Status (and Time:2 profile)
    December 2011: tr-181-1-2-0.xml:
        * updates for 3GPP LTE and 3GPP2 cdma2000 (TR-196 Issue 2)
    May 2012: tr-181-1-3-0.xml:
        * updates for Bulk Data Collection (TR-232)
    November 2012: tr-181-1-4-0.xml:
        * add components from TR-157a7
        * BulkDataCollectionDiffs
        * DI_VendorLogFilesDiffss
        * UI_RemoteAccessDiffs
        * PeriodicStatisticsDiff
-->

<dm:document xmlns:dm="urn:broadband-forum-org:cwmp:datamodel-1-4"
             xmlns:dmr="urn:broadband-forum-org:cwmp:datamodel-report-0-1"
             xmlns:xsi="http://www.w3.org/2001/XMLSchema-instance"
             xsi:schemaLocation="urn:broadband-forum-org:cwmp:datamodel-1-4 
                                   http://www.broadband-forum.org/cwmp/cwmp-datamodel-1-4.xsd
                                 urn:broadband-forum-org:cwmp:datamodel-report-0-1 
                                   http://www.broadband-forum.org/cwmp/cwmp-datamodel-report.xsd" 
             spec="urn:broadband-forum-org:tr-181-1-4-0" file="tr-181-1-4-0.xml">
    
  <description>
    TR-069 Device:1.11 Root Object definition
    December 2012
    TR-181 Issue 1 Amendment 4
  </description>
    
  <import file="tr-157-1-7.xml" spec="urn:broadband-forum-org:tr-157-1-7">
    <component name="DI_SupportedDataModelDiffs"/>
    <component name="UPnPDiffs"/>
    <component name="DNS_SD"/>
    <component name="DI_ProxierInfoDiffs"/>
    <component name="BulkDataCollectionDiffs"/>
    <component name="DI_VendorLogFilesDiffs"/>
    <component name="UI_RemoteAccessDiffs"/>
    <component name="PeriodicStatisticsDiffs"/>
  </import>
 
 <import file="tr-181-1-3.xml" spec="urn:broadband-forum-org:tr-181-1-3">
   <component name="DeviceInfo"/>
   <component name="ManagementServer"/>
   <component name="GatewayInfo"/>
   <component name="Config"/>
   <component name="Time"/>
   <component name="UserInterface"/>
   <component name="LAN"/>
   
   <model name="Device:1.10"/>
  </import>
  
  <model name="Device:1.11" base="Device:1.10">
    <object name="Device.DNS." access="readOnly" minEntries="1" maxEntries="1">
      <description>
        Properties for Domain Name Service (DNS). It contains the Service Discovery (DNS-SD) objects.
      </description>
    </object>
    <component path="Device." ref="DI_SupportedDataModelDiffs"/>
    <component path="Device." ref="UPnPDiffs"/>
    <component path="Device." ref="DNS_SD"/>
    <component path="Device." ref="DI_ProxierInfoDiffs"/>
    <component path="Device." ref="BulkDataCollectionDiffs"/>
    <component path="Device." ref="DI_VendorLogFilesDiffs"/>
    <component path="Device." ref="UI_RemoteAccessDiffs"/>
    <component path="Device." ref="PeriodicStatisticsDiffs"/>
  </model>
</dm:document>