<?xml version="1.0" encoding="UTF-8"?>
<!--
  TR-140 StorageService:1.2

  Notice:
    The Broadband Forum is a non-profit corporation organized to create
    guidelines for broadband network system development and deployment.
    This Broadband Forum Document has been approved by members of the
    Forum. This Broadband Forum Document is not binding on the Broadband
    Forum, any of its members, or any developer or service provider.
    This Broadband Forum Document is subject to change, but only with
    approval of members of the Forum.  This Document is copyrighted by
    the Broadband Forum, and all rights are reserved.  Portions of this
    Document may be copyrighted by Broadband Forum members.

    This Broadband Forum Document is provided AS IS, WITH ALL FAULTS.
    ANY PERSON HOLDING A COPYRIGHT IN THIS BROADBAND FORUM DOCUMENT,
    OR ANY PORTION THEREOF, DISCLAIMS TO THE FULLEST EXTENT PERMITTED
    BY LAW ANY REPRESENTATION OR WARRANTY, EXPRESS OR IMPLIED,
    INCLUDING, BUT NOT LIMITED TO, ANY WARRANTY: 

    (a) OF ACCURACY, COMPLETENESS, MERCHANTABILITY, FITNESS FOR A
        PARTICULAR PURPOSE, NON-INFRINGEMENT, OR TITLE;
    (b) THAT THE CONTENTS OF THIS BROADBAND FORUM DOCUMENT ARE SUITABLE
        FOR ANY PURPOSE, EVEN IF THAT PURPOSE IS KNOWN TO THE COPYRIGHT
        HOLDER;
    (c) THAT THE IMPLEMENTATION OF THE CONTENTS OF THE DOCUMENT WILL NOT
        INFRINGE ANY THIRD PARTY PATENTS, COPYRIGHTS, TRADEMARKS OR
        OTHER RIGHTS.

    By using this Broadband Forum Document, users acknowledge that
    implementation may require licenses to patents.  The Broadband Forum
    encourages but does not require its members to identify such
    patents.  For a list of declarations made by Broadband Forum member
    companies, please see http://www.broadband-forum.org.  No assurance
    is given that licenses to patents necessary to implement this
    Document will be available for license at all or on reasonable and
    non-discriminatory terms.

    ANY PERSON HOLDING A COPYRIGHT IN THIS BROADBAND FORUM DOCUMENT, OR
    ANY PORTION THEREOF, DISCLAIMS TO THE FULLEST EXTENT PERMITTED BY
    LAW (A) ANY LIABILITY (INCLUDING DIRECT, INDIRECT, SPECIAL, OR
    CONSEQUENTIAL DAMAGES UNDER ANY LEGAL THEORY) ARISING FROM OR
    RELATED TO THE USE OF OR RELIANCE UPON THIS DOCUMENT; AND (B) ANY
    OBLIGATION TO UPDATE OR CORRECT THIS DOCUMENT.

    Broadband Forum Documents may be copied, downloaded, stored on a
    server or otherwise re-distributed in their entirety only, and may
    not be modified without the advance written permission of the
    Broadband Forum.

    The text of this notice must be included in all copies of this
    Broadband Forum Document.
  
  Summary:
  TR-140 StorageService:1.2 Service Object update.


  Editors:
    Sarah Banks, Cisco
    Andrea Colmegna, FASTWEB
    Tim Spets, Motorola Mobility

  Editors Object Addressing Extensions:
    Sarah Banks, Cisco
    Andrea Colmegna, FASTWEB
    Ping Fang, Huawei Technologies
    Nils Magnusson, TeliaSonera
    Anton Okmyanskiy, Cisco
    Staffan Ungsgard, TeliaSonera

  Editors Remote Management of non-TR-069 devices:
    John Blackford, Pace
    Ping Fang, Huawei Technologies
    Tim Spets, Motorola Mobility

  BroadbandHome™ Working Group Chairs:
    Greg Bathrick, PMC-Sierra
    Heather Kirksey, Alcatel-Lucent

  Vice Chair: 
    Jason Walls, UNH

  Chief Editor: 
    Michael Hanrahan, Huawei Technologies


  Version History:
  * April 2010 : tr-140-1-0-2.xml, corresponds to TR-140 Issue 1, Corrigendum 2
  * April 2010 : tr-140-1-1-0.xml, corresponds to TR-140 Issue 1, Amendment 1
  * July  2011 : tr-140-1-2-0.xml, corresponds to TR-140 Issue 1, Amendment 2
  
-->

<dm:document xmlns:dm="urn:broadband-forum-org:cwmp:datamodel-1-4"
             xmlns:dmr="urn:broadband-forum-org:cwmp:datamodel-report-0-1"
             xmlns:xsi="http://www.w3.org/2001/XMLSchema-instance"
             xsi:schemaLocation="urn:broadband-forum-org:cwmp:datamodel-1-4
                                    http://www.broadband-forum.org/cwmp/cwmp-datamodel-1-4.xsd 
                                 urn:broadband-forum-org:cwmp:datamodel-report-0-1
                                    http://www.broadband-forum.org/cwmp/cwmp-datamodel-report.xsd"
             spec="urn:broadband-forum-org:tr-140-1-2-0" file="tr-140-1-2-0.xml">

  <description>StorageService:1.2 Service Object</description>
 
  <!-- import Alias DT definition -->
  <import file="tr-106-1-0-types.xml" spec="urn:broadband-forum-org:tr-106-1-0">
    <dataType name="Alias"/>
  </import>
 
  <import file="tr-140-1-1.xml" spec="urn:broadband-forum-org:tr-140-1-1">
    <model name="StorageService:1.1"></model>  
  </import>

  <model name="StorageService:1.2" base="StorageService:1.1" isService="true">

    <!-- extends non-transient objects with Alias parameter -->
    <object base="StorageService.{i}." access="readOnly" numEntriesParameter="StorageServiceNumberOfEntries" minEntries="0" maxEntries="unbounded">
      <uniqueKey functional="false">
        <parameter ref="Alias"/>
      </uniqueKey>
      <parameter name="Alias" access="readWrite" activeNotify="canDeny" dmr:previousParameter="Enable">
        <description>{{datatype|expand}}</description>
        <syntax>
          <dataType ref="Alias"/>
        </syntax>
      </parameter>
    </object>

    <object base="StorageService.{i}.UserGroup.{i}." access="readWrite" numEntriesParameter="UserGroupNumberOfEntries" enableParameter="Enable" minEntries="0" maxEntries="unbounded">
      <uniqueKey functional="false">
        <parameter ref="Alias"/>
      </uniqueKey>
      <parameter name="Alias" access="readWrite" activeNotify="canDeny" dmr:previousParameter="Enable">
        <description>{{datatype|expand}}</description>
        <syntax>
          <dataType ref="Alias"/>
        </syntax>
      </parameter>
    </object>

    <object base="StorageService.{i}.UserAccount.{i}." access="readWrite" numEntriesParameter="UserAccountNumberOfEntries" enableParameter="Enable" minEntries="0" maxEntries="unbounded">
      <uniqueKey functional="false">
        <parameter ref="Alias"/>
      </uniqueKey>
      <parameter name="Alias" access="readWrite" activeNotify="canDeny" dmr:previousParameter="Enable">
        <description>{{datatype|expand}}</description>
        <syntax>
          <dataType ref="Alias"/>
        </syntax>
      </parameter>
    </object>

    <object base="StorageService.{i}.PhysicalMedium.{i}." access="readOnly" numEntriesParameter="PhysicalMediumNumberOfEntries" minEntries="0" maxEntries="unbounded">
      <uniqueKey functional="false">
        <parameter ref="Alias"/>
      </uniqueKey>
      <parameter name="Alias" access="readWrite" activeNotify="canDeny" dmr:previousParameter="">
        <description>{{datatype|expand}}</description>
        <syntax>
          <dataType ref="Alias"/>
        </syntax>
      </parameter>
    </object>

    <object base="StorageService.{i}.StorageArray.{i}." access="readWrite" numEntriesParameter="StorageArrayNumberOfEntries" enableParameter="Enable" minEntries="0" maxEntries="unbounded">
      <uniqueKey functional="false">
        <parameter ref="Alias"/>
      </uniqueKey>
      <parameter name="Alias" access="readWrite" activeNotify="canDeny" dmr:previousParameter="">
        <description>{{datatype|expand}}</description>
        <syntax>
          <dataType ref="Alias"/>
        </syntax>
      </parameter>
    </object>

    <object base="StorageService.{i}.LogicalVolume.{i}." access="readWrite" numEntriesParameter="LogicalVolumeNumberOfEntries" enableParameter="Enable" minEntries="0" maxEntries="unbounded">
      <uniqueKey functional="false">
        <parameter ref="Alias"/>
      </uniqueKey>
      <parameter name="Alias" access="readWrite" activeNotify="canDeny" dmr:previousParameter="">
        <description>{{datatype|expand}}</description>
        <syntax>
          <dataType ref="Alias"/>
        </syntax>
      </parameter>
    </object>

    <object base="StorageService.{i}.LogicalVolume.{i}.Folder.{i}." access="readWrite" numEntriesParameter="FolderNumberOfEntries" enableParameter="Enable" minEntries="0" maxEntries="unbounded">
      <uniqueKey functional="false">
        <parameter ref="Alias"/>
      </uniqueKey>
      <parameter name="Alias" access="readWrite" activeNotify="canDeny" dmr:previousParameter="">
        <description>{{datatype|expand}}</description>
        <syntax>
          <dataType ref="Alias"/>
        </syntax>
      </parameter>
    </object>

    <object base="StorageService.{i}.LogicalVolume.{i}.Folder.{i}.UserAccess.{i}." access="readWrite" numEntriesParameter="UserAccessNumberOfEntries" enableParameter="Enable" minEntries="0" maxEntries="unbounded">
      <uniqueKey functional="false">
        <parameter ref="Alias"/>
      </uniqueKey>
      <parameter name="Alias" access="readWrite" activeNotify="canDeny" dmr:previousParameter="">
        <description>{{datatype|expand}}</description>
        <syntax>
          <dataType ref="Alias"/>
        </syntax>
      </parameter>
    </object>

    <object base="StorageService.{i}.LogicalVolume.{i}.Folder.{i}.GroupAccess.{i}." access="readWrite" numEntriesParameter="GroupAccessNumberOfEntries" enableParameter="Enable" minEntries="0" maxEntries="unbounded">
      <uniqueKey functional="false">
        <parameter ref="Alias"/>
      </uniqueKey>
      <parameter name="Alias" access="readWrite" activeNotify="canDeny" dmr:previousParameter="">
        <description>{{datatype|expand}}</description>
        <syntax>
          <dataType ref="Alias"/>
        </syntax>
      </parameter>
    </object>

  </model>
  
</dm:document>
