﻿<?xml version="1.0" encoding="UTF-8"?>
<!--
  STBService:1.3 Service Object definition
  
    Notice:

    The Broadband Forum is a non-profit corporation organized to create
    guidelines for broadband network system development and deployment.
    This Broadband Forum Document has been approved by members of the
    Forum. This Broadband Forum Document is not binding on the Broadband
    Forum, any of its members, or any developer or service provider.
    This Broadband Forum Document is subject to change, but only with
    approval of members of the Forum.  This Document is copyrighted by
    the Broadband Forum, and all rights are reserved.  Portions of this
    Document may be copyrighted by Broadband Forum members.

    This Broadband Forum Document is provided AS IS, WITH ALL FAULTS.
    ANY PERSON HOLDING A COPYRIGHT IN THIS BROADBAND FORUM DOCUMENT,
    OR ANY PORTION THEREOF, DISCLAIMS TO THE FULLEST EXTENT PERMITTED
    BY LAW ANY REPRESENTATION OR WARRANTY, EXPRESS OR IMPLIED,
    INCLUDING, BUT NOT LIMITED TO, ANY WARRANTY: 

    (a) OF ACCURACY, COMPLETENESS, MERCHANTABILITY, FITNESS FOR A
        PARTICULAR PURPOSE, NON-INFRINGEMENT, OR TITLE;
    (b) THAT THE CONTENTS OF THIS BROADBAND FORUM DOCUMENT ARE SUITABLE
        FOR ANY PURPOSE, EVEN IF THAT PURPOSE IS KNOWN TO THE COPYRIGHT
        HOLDER;
    (c) THAT THE IMPLEMENTATION OF THE CONTENTS OF THE DOCUMENT WILL NOT
        INFRINGE ANY THIRD PARTY PATENTS, COPYRIGHTS, TRADEMARKS OR
        OTHER RIGHTS.

    By using this Broadband Forum Document, users acknowledge that
    implementation may require licenses to patents.  The Broadband Forum
    encourages but does not require its members to identify such
    patents.  For a list of declarations made by Broadband Forum member
    companies, please see http://www.broadband-forum.org.  No assurance
    is given that licenses to patents necessary to implement this
    Document will be available for license at all or on reasonable and
    non-discriminatory terms.

    ANY PERSON HOLDING A COPYRIGHT IN THIS BROADBAND FORUM DOCUMENT, OR
    ANY PORTION THEREOF, DISCLAIMS TO THE FULLEST EXTENT PERMITTED BY
    LAW (A) ANY LIABILITY (INCLUDING DIRECT, INDIRECT, SPECIAL, OR
    CONSEQUENTIAL DAMAGES UNDER ANY LEGAL THEORY) ARISING FROM OR
    RELATED TO THE USE OF OR RELIANCE UPON THIS DOCUMENT; AND (B) ANY
    OBLIGATION TO UPDATE OR CORRECT THIS DOCUMENT.

    Broadband Forum Documents may be copied, downloaded, stored on a
    server or otherwise re-distributed in their entirety only, and may
    not be modified without the advance written permission of the
    Broadband Forum.

    The text of this notice must be included in all copies of this
    Broadband Forum Document.

  Summary:
    STBService:1.3 Service Object update.
    Adds loss event histograms in statistics.

  Issue History:
    * September 2009: tr-135-1-0-0.xml, corresponds to TR-135 Issue 1, Section 6 
                      (Parameter Definitions) and Section 7 (Profile Definitions)
    * November  2010: tr-135-1-1-0.xml, corresponds to TR-135 Issue 1, Amendment 1
    * July      2011: tr-135-1-2-0.xml, corresponds to TR-135 Issue 1, Amendment 2
    * November  2012: tr-135-1-3-0.xml, corresponds to TR-135 Issue 1, Amendment 3

-->
 
<dm:document xmlns:dm="urn:broadband-forum-org:cwmp:datamodel-1-4"
             xmlns:dmr="urn:broadband-forum-org:cwmp:datamodel-report-0-1"
             xmlns:xsi="http://www.w3.org/2001/XMLSchema-instance"
             xsi:schemaLocation="urn:broadband-forum-org:cwmp:datamodel-1-4
                                    http://www.broadband-forum.org/cwmp/cwmp-datamodel-1-4.xsd 
                                 urn:broadband-forum-org:cwmp:datamodel-report-0-1
                                    http://www.broadband-forum.org/cwmp/cwmp-datamodel-report.xsd"
             spec="urn:broadband-forum-org:tr-135-1-3-0" file="tr-135-1-3-0.xml">

  <description>
    STBService:1.3 Service Object.
    Adds loss event histograms in statistics.
  </description>

  <import file="tr-135-1-2.xml" spec="urn:broadband-forum-org:tr-135-1-2">
    <model name="STBService:1.2"></model>  
  </import>

  <model name="STBService:1.3"  base="STBService:1.2" isService="true">

    <object base="STBService.{i}.AVStreams.AVStream.{i}." access="readOnly" minEntries="0" maxEntries="unbounded" numEntriesParameter="AVStreamNumberOfEntries">
      <parameter base="Inbound" access="readOnly">
        <description action="replace">Inbound IP stream object instance associated with the FrontEnd for this AV stream, or {{empty}} if the inbound stream is not delivered over IP.  For example:
''.Components.FrontEnd.2.IP.Inbound.3''
        </description>
      </parameter>
      <parameter base="Outbound" access="readOnly">
        <description action="replace">Outbound IP stream object instance associated with the output FrontEnd for this AV stream (which is always the IP FrontEnd), or {{empty}} if the outbound stream is not delivered over IP.  For example:
''.Components.FrontEnd.2.IP.Outbound.3''
        </description>
      </parameter>
    </object>

    <object base="STBService.{i}.ServiceMonitoring.MainStream.{i}." access="readOnly" numEntriesParameter="MainStreamNumberOfEntries" minEntries="0" maxEntries="unbounded">
      <parameter name="PacketsLostByEventHistogramIntervals" access="readWrite">
        <description>
          {{list}} Definition of the histogram intervals for counting loss events according to their size (in {{units}}). Each value indicates the maximum value of the interval. For example, "1,2,4,8," defines the five intervals: 1 packet lost, 2 packets, 3 or 4 packets, 5 to 8 packets and 9 or more packets. (No value after the last comma means no upper bound.)
          If this parameter is set to an empty string, no PacketsLostByEvent stats will be collected.
        </description>
        <syntax>
          <list/>
          <unsignedInt>
            <range minInclusive="1"/>
            <units value="packets"/>
          </unsignedInt>
        </syntax>
      </parameter>
      <parameter name="DelayBetweenLossEventsHistogramIntervals" access="readWrite">
        <description>
          {{list}} Definition of the histogram intervals for counting loss events according to their delay (in {{units}}) after the preceding loss event. Each value indicates the maximum value of the interval. For example, "10,20,50,100,1000,60000,3600000," defines the intervals up to 10 ms, to 20 ms, to 50 ms, to 100 ms, to 1 s, to 1 mn, to 1 h and more than 1 h. (No value after the last comma means no upper bound.)
          If this parameter is set to an empty string, no DelayBetweenLossEvents stats will be collected.
        </description>
        <syntax>
          <list/>
          <unsignedInt>
            <range minInclusive="1"/>
            <units value="milliseconds"/>
          </unsignedInt>
        </syntax>
      </parameter>
      <parameter name="DurationSevereLossEventsHistogramIntervals" access="readWrite">
        <description>
          {{list}} Definition of the histogram intervals for counting severe loss events according to their duration (in {{units}}). Each value indicates the maximum value of the interval. For example, "50,100,500,1000,2000,5000,10000,120000," defines the intervals up to 50 ms, to 100 ms, to 500 ms, to 1 s, to 2 s etc. (No value after the last comma means no upper bound.)
          If this parameter is set to an empty string, no DurationSevereLossEvents stats will be collected.
        </description>
        <syntax>
          <list/>
          <unsignedInt>
            <range minInclusive="1"/>
            <units value="milliseconds"/>
          </unsignedInt>
        </syntax>
      </parameter>
    </object>

    <object base="STBService.{i}.ServiceMonitoring.MainStream.{i}.Total.RTPStats." access="readOnly" minEntries="1" maxEntries="1">
      <parameter name="PacketsLostByEventHistogram" access="readOnly" dmr:previousParameter="PacketsLostBeforeEC">
        <description>
          {{list}} Total number of loss events counted by their length in packets (1 packet, 2 packets, etc.) according to the intervals defined by {{param|##.PacketsLostByEventHistogramIntervals}}.
          These statistics are collected when no EC is applied or after any EC if available.
        </description>
        <syntax>
          <list/>
          <unsignedInt/>
        </syntax>
      </parameter>
      <parameter name="PacketsLostByEventHistogramBeforeEC" access="readOnly">
        <description>
          {{list}} Total number of loss events counted by their length in packets (1 packet, 2 packets, etc.) according to the intervals defined by {{param|##.PacketsLostByEventHistogramIntervals}}.
          These statistics are collected before any EC, if available, is applied.
        </description>
        <syntax>
          <list/>
          <unsignedInt/>
        </syntax>
      </parameter>
      <parameter name="DelayBetweenLossEventsHistogram" access="readOnly" dmr:previousParameter="LossEventsBeforeEC">
        <description>
          {{list}} Total number of times that the delay (in milliseconds) between two consecutive loss events belongs to each time interval defined by {{param|##.DelayBetweenLossEventsHistogramIntervals}}.
          These statistics are collected when no EC is applied or after any EC if available.
        </description>
        <syntax>
          <list/>
          <unsignedInt/>
        </syntax>
      </parameter>
      <parameter name="DelayBetweenLossEventsHistogramBeforeEC" access="readOnly">
        <description>
          {{list}} Total number of times that the delay (in milliseconds) between two consecutive loss events belongs to each time interval defined by {{param|##.DelayBetweenLossEventsHistogramIntervals}}.
          These statistics are collected before any EC, if available, is applied.
        </description>
        <syntax>
          <list/>
          <unsignedInt/>
        </syntax>
      </parameter>
      <parameter name="DurationSevereLossEventsHistogram" access="readOnly" dmr:previousParameter="SevereLossLengthCountBeforeEC">
        <description>
          {{list}} Total number of severe loss events counted by their duration (in milliseconds) according to the intervals defined by {{param|##.DurationSevereLossEventsHistogramIntervals}}.
          These statistics are collected when no EC is applied or after any EC if available.
        </description>
        <syntax>
          <list/>
          <unsignedInt/>
        </syntax>
      </parameter>
      <parameter name="DurationSevereLossEventsHistogramBeforeEC" access="readOnly">
        <description>
          {{list}} Total number of severe loss events counted by their duration (in milliseconds) according to the intervals defined by {{param|##.DurationSevereLossEventsHistogramIntervals}}.
          These statistics are collected before any EC, if available, is applied.
        </description>
        <syntax>
          <list/>
          <unsignedInt/>
        </syntax>
      </parameter>
    </object>

    <object base="STBService.{i}.ServiceMonitoring.MainStream.{i}.Sample." access="readOnly" minEntries="1" maxEntries="1">
      <description action="replace">Sample statistics collected since collection was last enabled or reset.
Most of the parameters in this object are comma-separated lists of individual statistics values, each of which corresponds to a sample interval.
The statistics values in these comma-separated lists MUST be in time order, with the oldest one first and the most recent one last.
Each comma-separated list can contain up to {{param|##.ReportSamples}} statistics values.  When the list is full, each new value causes the oldest one to be discarded.
Some comma-separated lists contain terms that are comma-separated lists themselves and are used to store measurements on an event basis. These sub-lists can contain up to {{param|.Capabilities.ServiceMonitoring.MaxEventsPerSampleInterval}} values.
If no data was collected for a statistic during a sample interval then the value for that sample interval MUST be zero unless otherwise specified in the description of the individual statistics parameter.</description>
    </object>

    <object base="STBService.{i}.ServiceMonitoring.MainStream.{i}.Sample.RTPStats." access="readOnly" minEntries="1" maxEntries="1">
      <parameter name="PacketsLostByEventHistogram" access="readOnly" dmr:previousParameter="PacketsLostBeforeEC">
        <description>
          {{list}} Each list item is a comma-separated list of unsigned integers that represents, for a sample interval, a histogram of loss events counted by their length in packets (1 packet, 2 packets, etc.) according to the intervals defined by {{param|##.PacketsLostByEventHistogramIntervals}}.
          These statistics are collected when no EC is applied or after any EC if available.
        </description>
        <syntax>
          <list/>
          <string/>
        </syntax>
      </parameter>
      <parameter name="PacketsLostByEventHistogramBeforeEC" access="readOnly">
        <description>
          {{list}} Each list item is a comma-separated list of unsigned integers that represents, for a sample interval, a histogram of loss events counted by their length in packets (1 packet, 2 packets, etc.) according to the intervals defined by {{param|##.PacketsLostByEventHistogramIntervals}}.
          These statistics are collected before any EC, if available, is applied.
        </description>
        <syntax>
          <list/>
          <string/>
        </syntax>
      </parameter>
      <parameter name="DelayBetweenLossEventsHistogram" access="readOnly" dmr:previousParameter="LossEventsBeforeEC">
        <description>
          {{list}} Each list item is a comma-separated list of unsigned integers that represents, for a sample interval, a histogram of the number of times that the delay (in milliseconds) between two consecutive loss events belongs to each time interval defined by {{param|##.DelayBetweenLossEventsHistogramIntervals}}.
          These statistics are collected when no EC is applied or after any EC if available.
        </description>
        <syntax>
          <list/>
          <string/>
        </syntax>
      </parameter>
      <parameter name="DelayBetweenLossEventsHistogramBeforeEC" access="readOnly">
        <description>
          {{list}} Each list item is a comma-separated list of unsigned integers that represents, for a sample interval, a histogram of the number of times that the delay (in milliseconds) between two consecutive loss events belongs to each time interval defined by {{param|##.DelayBetweenLossEventsHistogramIntervals}}.
          These statistics are collected before any EC, if available, is applied.
        </description>
        <syntax>
          <list/>
          <string/>
        </syntax>
      </parameter>
      <parameter name="DurationSevereLossEventsHistogram" access="readOnly" dmr:previousParameter="SevereLossLengthCountBeforeEC">
        <description>
          {{list}} Each list item is a comma-separated list of unsigned integers that represents, for a sample interval, a histogram of the number of severe loss events counted by their duration (in milliseconds) according to the intervals defined by {{param|##.DurationSevereLossEventsHistogramIntervals}}.
          These statistics are collected when no EC is applied or after any EC if available.
        </description>
        <syntax>
          <list/>
          <string/>
        </syntax>
      </parameter>
      <parameter name="DurationSevereLossEventsHistogramBeforeEC" access="readOnly">
        <description>
          {{list}} Each list item is a comma-separated list of unsigned integers that represents, for a sample interval, a histogram of the number of severe loss events counted by their duration (in milliseconds) according to the intervals defined by {{param|##.DurationSevereLossEventsHistogramIntervals}}.
          These statistics are collected before any EC, if available, is applied.
        </description>
        <syntax>
          <list/>
          <string/>
        </syntax>
      </parameter>
    </object>

    <profile base="Baseline:1" name="Baseline:2" dmr:previousProfile="Baseline:1">
      <parameter ref="STBServiceNumberOfEntries" requirement="readOnly"/>
      <object ref="STBService.{i}." requirement="present">
        <parameter ref="Enable" requirement="readWrite"/>
      </object>
    </profile>

    <profile base="DigitalOutput:2" name="DigitalOutput:3" dmr:previousProfile="DigitalOutput:2">
      <object ref="STBService.{i}.Components." requirement="present">
        <parameter ref="HDMINumberOfEntries" requirement="readOnly"/>
        <parameter ref="SPDIFNumberOfEntries" requirement="readOnly"/>
      </object>
    </profile>

    <profile name="HistoPerfMon:1" dmr:previousProfile="BasicPerfMon:2">
      <object ref="STBService.{i}.ServiceMonitoring.MainStream.{i}." requirement="present">
        <parameter ref="SevereLossMinLength" requirement="readWrite"/>
        <parameter ref="PacketsLostByEventHistogramIntervals" requirement="readWrite"/>
        <parameter ref="DelayBetweenLossEventsHistogramIntervals" requirement="readWrite"/>
        <parameter ref="DurationSevereLossEventsHistogramIntervals" requirement="readWrite"/>
      </object>
      <object ref="STBService.{i}.ServiceMonitoring.MainStream.{i}.Total.RTPStats." requirement="present">
        <parameter ref="SevereLossLengthCount" requirement="readOnly"/>
        <parameter ref="PacketsLostByEventHistogram" requirement="readOnly"/>
        <parameter ref="DelayBetweenLossEventsHistogram" requirement="readOnly"/>
        <parameter ref="DurationSevereLossEventsHistogram" requirement="readOnly"/>
      </object>
      <object ref="STBService.{i}.ServiceMonitoring.MainStream.{i}.Sample.RTPStats." requirement="present">
        <parameter ref="SevereLossLengthCount" requirement="readOnly"/>
        <parameter ref="PacketsLostByEventHistogram" requirement="readOnly"/>
        <parameter ref="DelayBetweenLossEventsHistogram" requirement="readOnly"/>
        <parameter ref="DurationSevereLossEventsHistogram" requirement="readOnly"/>
      </object>
    </profile>

    <profile name="HistoECPerfMon:1" dmr:previousProfile="ECPerfMon:1">
      <object ref="STBService.{i}.ServiceMonitoring.MainStream.{i}.Total.RTPStats." requirement="present">
        <parameter ref="SevereLossLengthCountBeforeEC" requirement="readOnly"/>
        <parameter ref="PacketsLostByEventHistogramBeforeEC" requirement="readOnly"/>
        <parameter ref="DelayBetweenLossEventsHistogramBeforeEC" requirement="readOnly"/>
        <parameter ref="DurationSevereLossEventsHistogramBeforeEC" requirement="readOnly"/>
      </object>
      <object ref="STBService.{i}.ServiceMonitoring.MainStream.{i}.Sample.RTPStats." requirement="present">
        <parameter ref="SevereLossLengthCountBeforeEC" requirement="readOnly"/>
        <parameter ref="PacketsLostByEventHistogramBeforeEC" requirement="readOnly"/>
        <parameter ref="DelayBetweenLossEventsHistogramBeforeEC" requirement="readOnly"/>
        <parameter ref="DurationSevereLossEventsHistogramBeforeEC" requirement="readOnly"/>
      </object>
    </profile>

  </model>

</dm:document>
